Prop.Mean.1,Prop.Mean.2,Prop.sd.1,Prop.sd.2,Prop.2.5%,Prop.97.5%,Sim.Mean,Sim.sd,Sim.Median,Sim.MAD,Sim.2.5%,Sim.97.5%
1.3,1.3,NaN,NaN,NaN,NaN,Inf,NaN,Inf,NA,1.3,Inf
1.300000000166768,1.3000000001937166,9.483350719847218e-11,1.0220704965267664e-10,1.299999999993261,1.3000000003941723,1.3000000001960137,1.2107281294398192e-10,1.3000000001668135,9.111228918001756e-11,1.3000000000546197,1.3000000005081447
1.3000513727753797,1.300053361221694,1.4310354126478992e-5,1.4584390358327444e-5,1.3000247572880324,1.3000819651553557,1.3000534198647675,1.5190712328589333e-5,1.300051392424448,1.4184148749738123e-5,1.300029732700516,1.300088850500681
1.303469550189641,1.3035266268561023,6.310786335564736e-4,6.362363981762683e-4,1.3022787952169714,1.3047744584952332,1.3035273885750769,6.472733498441419e-4,1.303469285233008,6.282368072440967e-4,1.3024276928550362,1.3049579194990635
1.3285130218565884,1.3287648068140607,0.0038087857223369193,0.003825498474843162,1.3212619697458907,1.3362676438822307,1.3287688003385147,0.003862338304471214,1.3285150188304378,0.0037908974338726666,1.321937453383553,1.337071671315744
1.4009032815827724,1.4014462225656799,0.010556012327401222,0.010584203637799394,1.3806877368642845,1.4222047082670752,1.4014426090431942,0.010655049305933424,1.4008873262569135,0.010557810642356044,1.3821524941654428,1.4238511733847588
1.534322137152435,1.535153667639963,0.019993111243127044,0.02002826386155432,1.4958728258098741,1.574434509470052,1.535152080693134,0.02011034405362153,1.5343122151796753,0.019990982151752084,1.4981306185125491,1.5768943684956618
1.7277363878956615,1.7287924921193387,0.030608794230821225,0.030646169066338252,1.6686870667008233,1.788897917537854,1.7287681146667269,0.030693851804844692,1.727716194155107,0.030547988460892392,1.6716487780936224,1.791928055782212
1.971735585824291,1.972934375555215,0.04114592613901958,0.04118218350014137,1.8921649764965183,2.0537037746139117,1.972851159477438,0.041215307415347624,1.9716435227274993,0.04107283756210547,1.8955372710068008,2.0570805550824325
2.254245311607688,2.255511125534315,0.05081510108327455,0.050848360309033946,2.155783739654772,2.3552385114138583,2.2556957609361,0.050938284760769094,2.254371075620936,0.05078429896556907,2.1596458209064604,2.3592466260257474
2.563657495837316,2.5649297321205866,0.0592208758036369,0.059250318670456895,2.448723833688012,2.681135630553161,2.56491360803477,0.05936684272599902,2.5636142352689566,0.0593018706548498,2.4522697749097313,2.685084322503566
2.8900928206581407,2.891326924977756,0.06623190471972577,0.06625737417882706,2.7613782957213036,3.0212755542342085,2.891284585214366,0.06632442846751561,2.8900214947590968,0.06614110866551247,2.764842529436208,3.0252351762528957
3.2256767744874355,3.226842108214212,0.07187262546687366,0.07189433228458524,3.0858378796663914,3.367846336762032,3.2269318563602276,0.07205810040115433,3.22561313287503,0.07188206063894788,3.0893236169548906,3.3718974085983366
3.564385269972207,3.565462181148591,0.07624933738107861,0.07626767175274733,3.415880651187845,3.715043711109337,3.5653622237921403,0.07625477978936265,3.5641663975386115,0.07619516911772106,3.419307944233076,3.718341780911153
3.9017456156904,3.902722675688908,0.07950445751927539,0.07951987698095173,3.7467626917567567,4.058682659621059,3.9026043780346162,0.07967350196724901,3.9014075095863023,0.07966938350273066,3.7496360248070535,4.062044623274517
4.234522251492847,4.2353939692086895,0.08179006820543253,0.08180303507213463,4.0749560948077095,4.3958318436096695,4.235362113579734,0.08180048160521437,4.234321769812388,0.08172435540448672,4.078310269296628,4.398649339424853
4.560437733211604,4.5612027817833685,0.08325362594318422,0.08326457500331898,4.397898432321841,4.724507131244896,4.561174767159314,0.08325439432864035,4.56022729800681,0.08321928165367469,4.4009329224145,4.726881398702746
4.8779429690923335,4.878602859578108,0.08403096457420368,0.0840402884979294,4.713777126171477,5.043428592984739,4.878502538353569,0.0840951536045629,4.877740148321635,0.08408774376719264,4.7161955181857,5.0457482269256655
5.186035377583152,5.186593489771852,0.08424350271962953,0.08425154742667078,5.021353420473581,5.351833559070123,5.186512293414302,0.08439164562223274,5.185770095469135,0.08445150690168572,5.023408628536179,5.354001159632071
5.4841182079141575,5.484579093859447,0.08399777137753543,0.08400483672082533,5.319822890975215,5.64933529674368,5.484831039357471,0.08401489174137564,5.4842214966623715,0.08405110995965831,5.322165333282457,5.651422361861056
5.771893185084906,5.772262075539411,0.08338614407746975,0.08339248713095597,5.608706855803326,5.935817295275496,5.772362048705336,0.0833971026251052,5.771562210259279,0.08341103975347275,5.610629993838381,5.937495361664339
6.049279284504088,6.049561743889905,0.08248812261336998,0.0824939620212752,5.887768774888967,6.211354712890843,6.049632343128459,0.08251455531405831,6.048981812860921,0.08261988757278033,5.889588311887694,6.212980907734439
6.316351623182274,6.316553312136202,0.08137181416619856,0.08137733470592802,6.15695035127878,6.476156272993624,6.316378319402977,0.08139818795827487,6.315853918148459,0.08134555877648911,6.158155416432488,6.477537316836341
6.573295673108775,6.573422188322063,0.0800954028227077,0.08010075974061993,6.416322936205606,6.73052144043852,6.573297283471024,0.08013132481101999,6.572769977780441,0.0801244416192541,6.417621078372413,6.731827521126588
6.820373072464129,6.82042984168941,0.07870851582737924,0.07871383874137033,6.666050716728203,6.974808966650616,6.820351219496492,0.07889032426273333,6.819923733142023,0.07897965378703796,6.666994628331386,6.976021700608105
7.057896184574714,7.057888400746776,0.07725344053256479,0.07725883682821218,6.906362928024642,7.209413873468911,7.057964838382252,0.0772874638380691,7.057469216668329,0.07721970539505736,6.907350015165342,7.2106773805440145
7.286209242279094,7.2861418251577295,0.07576617902127568,0.07577173674144556,7.1375329578736695,7.434750692441789,7.286362287709124,0.07568453547238771,7.286002416104823,0.07573839086201008,7.139084911138578,7.4357768690140285
7.505674444961047,7.505552021954204,0.0742773440403655,0.07428313430691291,7.359862706618478,7.651241337289929,7.5055813189977645,0.074358651247826,7.505245058018163,0.07438225907984496,7.360761495222493,7.652475913597744
7.716661778265826,7.716488678447189,0.07281290833464402,0.07281898735996895,7.573670951234951,7.859306405659427,7.71647341026292,0.07285053481438238,7.7160439424835365,0.07268650918009288,7.5745473289930665,7.860555529084092
7.919541630676192,7.919321887714367,0.07139482334994368,0.07140123410429101,7.779284758050441,8.059359017378293,7.919263440795588,0.07140852118152057,7.918979960151891,0.07138584637769045,7.7802328324463526,8.060233961055213
8.114679509973236,8.114416870918944,0.07004152469747435,0.07004829829976607,7.977033214252536,8.251800527585353,8.114342309738625,0.07006365379615988,8.114126206622272,0.07009470552095128,7.97779371122215,8.25216430622501
8.302432334524392,8.30213027228853,0.06876834194398049,0.06877549884214068,8.16724291957148,8.437017625005579,8.302072763294895,0.06880955478221641,8.301733064559164,0.0687782854008333,8.168008502219958,8.43797768937858
8.483145903469557,8.482807631463793,0.06758782984772807,0.06759538085005629,8.350234809277614,8.615380453649971,8.482821161188836,0.06763648891692581,8.482555546168456,0.06756847245728659,8.351012859777983,8.616245536883644
8.657153246938822,8.656781734810417,0.06651003738688004,0.06651798459946981,8.526321978040203,8.787241491580632,8.656853317717749,0.06658498989263892,8.656612687414862,0.06644514495455521,8.527167542867257,8.78841270122875
8.824773630491052,8.824371620214457,0.06554272990446453,0.06555106762109,8.695808249129646,8.952934991299268,8.824483129653286,0.06561363071156896,8.824271872083155,0.06564283016169058,8.696794474189032,8.953791930428887
8.986312043040458,8.985882064865711,0.064691578393774,0.06470029397424266,8.858987290983634,9.112776838747788,8.98589644472787,0.06463329443021318,8.985615597443719,0.06454253202552919,8.859991391504693,9.113345651604716
9.142059039138273,9.141603427066247,0.06396032830637369,0.06396940306746526,9.016142127912817,9.267064726219678,9.141673352683954,0.06403862991084876,9.141311656517463,0.06405508499084997,9.01696358426263,9.267830281064406
9.292290837955074,9.291811744530744,0.06335095824311623,0.06336036837362576,9.1675449271178735,9.416078561943614,9.291747063011984,0.06341154062256686,9.291423074616059,0.06340688868641245,9.168099669665438,9.416722015687839
9.437269605171782,9.436769015472505,0.06286383651305692,0.06287355401215727,9.31345697267543,9.56008105826958,9.43682880377415,0.0629250015715139,9.436554315521546,0.06289414224657797,9.314185986543649,9.560841853164595
9.577243862105984,9.576723606862002,0.0624978809258953,0.06250787455320461,9.454128760377444,9.69931845334656,9.576710945140423,0.06254937329364854,9.576512077911037,0.0626223288517307,9.45463142577203,9.699811899232836
9.712448980177292,9.711910748003401,0.06225072450654108,0.0622609607240258,9.58980016631267,9.834021329694131,9.711889446425756,0.06221965003177689,9.711649726680095,0.06228631193203008,9.590691785881075,9.834535353033115
9.8431077293028455,9.842553078048615,0.062118887316316124,0.06212933119727011,9.720700657457439,9.964405498639792,9.842486294857135,0.06214931146567427,9.842285590247815,0.062163951566265176,9.721231307578874,9.964897045271668
9.969430856803537,9.968861224048272,0.0620979524630139,0.0621085685421361,9.847049524638818,10.090672923457726,9.968871568550867,0.062129572114822056,9.968733120338443,0.06211425918429503,9.847475527010138,10.090968705352505
10.09161767948991,10.0910343922205,0.06218274286043593,0.062193495901245184,9.969056127292273,10.213012657148727,10.09096727458061,0.062266275590637354,10.090813535615911,0.062162976703590604,9.969380122397238,10.213331879866853
10.209856676235404,10.20926095975231,0.062367494450387105,0.06237835011114837,10.086920145726916,10.331601773777704,10.20928389532974,0.06242661610894831,10.209184387079237,0.0624122938824384,10.087263240647586,10.331935630722537
10.324326071875948,10.32371905797618,0.06264602142033056,0.06265694680630446,10.200831840488537,10.446606275463825,10.323741946131383,0.06271042429590688,10.32371159713582,0.0625797990587826,10.20108940275204,10.446975895240262
10.43519440595902,10.434577140446233,0.06301186934252187,0.0630228334395851,10.310972320321188,10.558181960571279,10.434512889580729,0.06301323771637353,10.434406422655993,0.06300299647250984,10.311387175519302,10.558108142107425
10.542621081900156,10.54199453147156,0.06345845296882782,0.06346942696036037,10.41751382067655,10.666475242266571,10.541959944705415,0.06350062051752638,10.541840313108278,0.0635049021053821,10.417954810887885,10.666641021489637
10.646756893642308,10.646121952200643,0.06397917645809863,0.0639901339327656,10.52061999421395,10.771623910187335,10.646152349314331,0.06399655375005192,10.646164823526458,0.0639783947618723,10.521017315190752,10.771647161181475
10.747744528068676,10.747102022505294,0.06456753491762268,0.06457845197988317,10.620446213724826,10.873757831285761,10.747051934036064,0.06464811410887424,10.747034678999725,0.06449610665373405,10.620314420403814,10.873766559724963
10.845719042282115,10.845069737774649,0.06521719716829211,0.06522805246603162,10.717139886764382,10.972999588784916,10.84516593172264,0.06529442399854277,10.845140271716414,0.06533103274289324,10.71704632826999,10.973005144184699
10.940808315501782,10.940152920367064,0.06592207050180289,0.06593284518653575,10.810840780229368,11.06946506050476,10.94013015090978,0.06598422925881993,10.940125871331631,0.06591891317110589,10.810903258580442,11.069586257440374
11.033133475792951,11.032472645932964,0.06667634884098642,0.06668702647587867,10.901681352327815,11.163263939538114,11.032481117170567,0.06669755581621913,11.032529247975257,0.06656929739988039,10.90145293346976,11.162935664038834
11.122809302179512,11.12214364515534,0.06747454613360644,0.06748511256346773,10.989787088899865,11.254500201410815,11.12214718556105,0.06749956055489914,11.122096876832908,0.06747589994065414,10.989756726289528,11.254461114183943
11.20994460292161,11.20927468168754,0.06831151702570787,0.0683219602214247,11.075276840859656,11.343272522515425,11.209302567824205,0.06837453179127978,11.209329032081742,0.06836035958309726,11.075170024487917,11.343079966123076
11.294642570897246,11.293968907224572,0.06918246690883208,0.06919277679675777,11.15826315959083,11.429674654858315,11.294017734377533,0.06924328956570229,11.294201113037243,0.06911265632366273,11.157551222376778,11.429320801128755
11.377001117125328,11.37632419474289,0.07008295335812242,0.0700931216429267,11.238852627378623,11.513795762107158,11.376143107089193,0.07009560340766019,11.376278439548187,0.07006569574697095,11.238309969586513,11.513301202456516
11.457113183522509,11.45643345099869,0.07100888081640953,0.07101890080398196,11.317146180334007,11.595720721663373,11.456362939188454,0.07099623828995603,11.456540002413199,0.07092243225317689,11.3164151711504,11.594902456582885
11.535067036008805,11.534384909397547,0.07195649016828129,0.07196635659357496,11.39323942170171,11.675530397093384,11.534376659452981,0.07198703806935305,11.534633230370007,0.0719403473952801,11.392927078553187,11.6753369956861
11.610946539075515,11.610262404346912,0.07292234461606828,0.07293205347931138,11.467222923897303,11.753301884796521,11.61041455830976,0.07294565675154174,11.610700124994949,0.07285484567839373,11.466818805143342,11.752650064516336
11.684831412910262,11.684145628184458,0.07390331303718733,0.07391286145069118,11.539182518055522,11.829108738313394,11.684219837177112,0.07396329802895454,11.68444364465816,0.07397542172712744,11.538607805666377,11.82849698036714
11.75679747414292,11.756110371744374,0.07489655178312737,0.07490593782997038,11.60919957027038,11.903021173218367,11.756178818956297,0.07487379653190876,11.756567101869317,0.07507143327238446,11.60892158622775,11.901954905365224
11.826916861236725,11.826228749584333,0.07589948568267399,0.07590870828781354,11.677351244055576,11.97510625511309,11.826254956627398,0.0760019457044718,11.826575173071399,0.07605990270685144,11.676495640253163,11.97431884476205
11.895258245503854,11.894569410851075,0.07690978883964082,0.07691884765346918,11.743710748846501,12.045428072855648,11.894570234928198,0.07696644508146333,11.89492082285862,0.07694395409142296,11.742815627374814,12.044459678423284
11.961887028676504,11.961197736714311,0.07792536566929482,0.07793426096327574,11.808347574603168,12.114047898825454,11.961250847368895,0.07806408138703363,11.961485772486697,0.07798780952114877,11.807563706466144,12.113708341628902
12.026865527914659,12.026176025248999,0.07894433249675217,0.07895306507052141,11.87132771276051,12.181024337737488,12.026172608807334,0.07900727587323471,12.026504043245165,0.0788516464205036,11.870376899087812,12.180425215500135
12.090253149081468,12.089563664595861,0.07996499994266097,0.07997357104181743,11.932713863914374,12.246413465277348,12.08955067934217,0.0799833410216328,12.08989612487632,0.08001057584150004,11.931558036702764,12.245205851807816
12.1521065490675,12.151417295180456,0.08098585624368754,0.0809942674874181,11.99256563273435,12.310268957626564,12.151487744682436,0.08107983312105911,12.151882586070037,0.08099069976024738,11.991599773875578,12.309606086519302
12.212479787896646,12.21179096172269,0.08200555159473863,0.0820138049123903,12.050939710664858,12.372642212780521,12.211672009952682,0.08212151128351255,12.212115981591245,0.08196654147830382,12.049573169330982,12.371477641310836
12.271424471299634,12.270736255721975,0.0830228835536265,0.08303098112934675,12.107890047019897,12.433582464424052,12.270625740810187,0.08320322526737907,12.270936731850181,0.08302172604428917,12.106614177928977,12.432838557867147
12.328989884396265,12.328302449058404,0.08403678351440634,0.08404472773900656,12.163468009099482,12.493136889017325,12.32827711010206,0.0841350061420583,12.3287507411742,0.08397870001801148,12.162089182006108,12.491970282029321
12.385223117084758,12.384536619307683,0.08504630423057674,0.08505409765982223,12.217722531962364,12.551350706653002,12.384686796359341,0.08495216434219433,12.384993135989369,0.08503867857741783,12.217294937495328,12.550219440101506
12.440169181696167,12.43948376732723,0.08605060835176694,0.08605825367035662,12.270700258483613,12.608267276170848,12.439460042990335,0.08616021058283727,12.4398069606228,0.08612318728396572,12.269433173383995,12.606963174607394
12.493871123433705,12.493186927632689,0.08704895792578578,0.08705645791634695,12.322445670310625,12.663928184954752,12.493236022921643,0.08712324423481173,12.493505724865733,0.08705098455574252,12.321359262553827,12.662915517645835
12.546370124080925,12.54568727204837,0.08804070481062076,0.08804806232710848,12.373001210309589,12.718373333787152,12.545772002885718,0.08799237262002835,12.54613668076281,0.08811363423785035,12.37197855818926,12.717091556903833
12.59770559942911,12.59702420708152,0.0890252819370557,0.08903249988200855,12.422407397068552,12.771641017094487,12.596930865387401,0.08902475847021643,12.597383711263243,0.08898173820307315,12.42111083447648,12.77008147978228
12.647915290842827,12.647235465438948,0.09000219536114903,0.09000927666631191,12.470702931994698,12.823767998883199,12.647213400851731,0.09000638847611166,12.647669406670982,0.08987544280485339,12.469459815792792,12.822369968463464
12.697035351353188,12.696357192075252,0.09097101704618957,0.09097796465606921,12.517924799513338,12.874789584637167,12.69626811633189,0.09091507923116374,12.696734004001453,0.09086809334979823,12.516657417736196,12.873114876984085
12.745100426641068,12.744424025134492,0.0919313783153919,0.09193819517336166,12.564108360845635,12.92473968942335,12.744513831150355,0.09213172554082917,12.744966810256383,0.09195354092973428,12.562779908010455,12.92410441492752
12.792143731247087,12.791469172121872,0.09288296391909436,0.09288965295571018,12.609287441811777,12.973650902431967,12.791464406082737,0.09286654913289628,12.792025956003705,0.0928631880939764,12.608183396567085,12.971989054813168
12.838197120321382,12.837524481618164,0.09382550666326787,0.09383207078649924,12.653494415076583,13.021554548159745,12.837439197475437,0.09390520657845731,12.837824315655144,0.09388612354474464,12.652139023337401,13.02056565913391
12.883291157204358,12.882620510827833,0.09475878254950096,0.09476522463661714,12.69676027722619,13.068480744429475,12.882650356649917,0.09475614550839463,12.883076716861996,0.09483106894614493,12.695544576692562,13.066860483215706
12.927455177109005,12.926786589231188,0.09568260638012173,0.0956889292710066,12.739114721036954,13.114458457425423,12.926840801388659,0.09564162469269255,12.927384187583737,0.095484263718475,12.737935776566788,13.112990059867837
12.970717347156585,12.9700508785922,0.096596827785628,0.0966030342773258,12.780586203272119,13.159515553912282,12.969881965914682,0.09666884666349852,12.970393195159403,0.09660972517616916,12.779273427019412,13.158260177810426
13.01310472299973,13.012440429555813,0.09750132763503433,0.09750742047735415,12.821202008317353,13.203678850794272,13.012372666890975,0.09755060838563619,13.012881904492868,0.09739650138772485,12.819789913986812,13.202547712039031
13.054643302250856,13.0539812350525,0.09839601479305218,0.09840199668508158,12.860988307943558,13.246974162161443,13.05389127840897,0.09841567541105387,13.054363494367287,0.09849010154093722,12.859613147268156,13.245597194728482
13.095358074918517,13.094698280712525,0.09928082319115372,0.09928669677855141,12.89997021746403,13.289426343961019,13.094640981994715,0.099278036466819,13.095043776426362,0.09922544683370631,12.898691248567387,13.287806494062409
13.135273071040409,13.134615592478463,0.10015570918251517,0.10016147705547009,12.938171848533367,13.331059336423559,13.134577437437292,0.10036984694683351,13.135090345358297,0.10026148910086298,12.936333961377512,13.330028066079425
13.174411405688703,13.173756281591572,0.1010206491535744,0.10102631384533334,12.975616358817083,13.371896204366061,13.173746755737207,0.10123683866249313,13.174232835715763,0.10105620967672638,12.973565331263348,13.370784364637244
13.212795321511278,13.212142587115412,0.10187563736747107,0.10188120135335021,13.012325998743892,13.411959175486933,13.212102769112908,0.10178559474453852,13.212627001917436,0.10183366189954783,13.011189123854447,13.40986478160748
13.250446228961373,13.249795916149177,0.10272068401696895,0.10272614971377604,13.04832215553697,13.451269676761383,13.249727467006913,0.10289222421362335,13.25020113685601,0.10289962970570307,13.046482084222447,13.449912753065664
13.287384744357666,13.286736881872594,0.10355581346659228,0.10356118323239603,13.083625394705832,13.489848369039356,13.286796531521249,0.10361419865819876,13.287202307534681,0.10373236132160966,13.082413869939563,13.48825511427667
13.323630725907313,13.322985339554888,0.10438106266565698,0.1043863387998491,13.118255499167178,13.527715179942598,13.32281861422756,0.10433493806188408,13.323427914827374,0.10435131371437623,13.117082955944813,13.525991405712247
13.359203307815445,13.358560420651187,0.10519647971564877,0.10520166445925107,13.152231506150596,13.56488933515178,13.358585233333384,0.10524466018942893,13.358961294779384,0.10513835373322027,13.150742956679464,13.563546017797474
13.394120932596502,13.39348056510167,0.10600212257700953,0.1060072181131856,13.185571742033638,13.601389388169704,13.393432517273272,0.10615220348629079,13.394138946747576,0.10599858325268015,13.183774959483024,13.599893228760624
13.428401381694897,13.42776355194092,0.10679805790184929,0.1068030663565854,13.218293855240212,13.637233248641628,13.427914656263933,0.10680597884504613,13.428351651499787,0.10669078345450654,13.217555832153193,13.635807335127769
13.46206180451563,13.461426528317988,0.1075843599804226,0.10758928342334763,13.250414847326626,13.67243820930935,13.461409195845285,0.10770557674352194,13.461820334451216,0.1078959446829805,13.249358192667843,13.670961740594727
13.495118745958623,13.494486037020918,0.1083611097903958,0.10836595023571416,13.28195110237052,13.707020971671316,13.494582291669378,0.10837624491902104,13.494998066947982,0.10841174749127588,13.280553160275293,13.705503977991691
13.527588172544558,13.526958042593439,0.10912839413901027,0.10913315354652538,13.312918414769841,13.740997670417036,13.526825960503043,0.10920543613271344,13.52736591709122,0.1091276440574962,13.311384516371316,13.739316136930341
13.559485497214256,13.558857956125816,0.10988630488921472,0.10989098516542396,13.34333201555132,13.774383896700312,13.558857562439274,0.10986456439891923,13.559352658159028,0.10965714413124743,13.341742764760447,13.772946839671915
13.59082560287826,13.590200658796496,0.11063493826171429,0.11063954126095893,13.373206597280868,13.807194720312124,13.590288629428118,0.11098888199103121,13.59086655147594,0.11094527600589069,13.371342975861548,13.80649316978974
13.621622864788474,13.621000524236328,0.11137439420567188,0.11137892173132787,13.402556337661954,13.839444710810701,13.620978804319547,0.1114362558782628,13.62145203530212,0.11149064388485073,13.401304951902992,13.838064734559067
13.651891171798997,13.651271439782473,0.1121047758315067,0.11210922963720445,13.431394921901887,13.871147957663059,13.651241695403328,0.1121948573395836,13.651654756473768,0.1120533297347225,13.429390312018027,13.869680997495987
13.681643946579133,13.681026826684965,0.11282618889987336,0.11283057069073639,13.459735563920589,13.902318089449341,13.68115117851854,0.1129696206823178,13.681784363381745,0.11289691149920728,13.458383023612766,13.900724152314817
13.710894164837507,13.710279659324787,0.11353874136148068,0.11354305279537417,13.487591026471195,13.932968292178378,13.710422298407689,0.11367476945388419,13.71100158169951,0.11355655379707125,13.485981087288277,13.931386698254329
13.73965437361255,13.739042483498716,0.11424254294292654,0.1142467856317089,13.514973640237184,13.963111326760249,13.738876375403768,0.11434755980305172,13.739280405370195,0.11435459878182261,13.513533394852441,13.961674063545534
13.767936708681178,13.767327433822734,0.11493770477419248,0.11494188028496337,13.54189532196637,13.992759545679098,13.767332726010547,0.11488466415187362,13.767705448340719,0.11483092737277485,13.54095039469468,13.991415038469372
13.795752911134258,13.79514625030257,0.11562433905386076,0.1156284489102008,13.568367591698077,14.021924908907064,13.795244648336926,0.11556632792021511,13.795784348173267,0.11534779529765474,13.567056490341567,14.020422110395721
13.823114343164479,13.822510294116952,0.1163025587484956,0.1163066044316932,13.594401589135995,14.05061899909791,13.822769842131866,0.11644388100975986,13.823248803306171,0.11622505521417738,13.59290624381682,14.049372393091476
13.85003200310945,13.849430562656392,0.11697247732297075,0.11697646027323265,13.620008089215904,14.07885303609688,13.849384519500845,0.11721976358412604,13.84981323399245,0.11707033059536275,13.6181992512751,14.07767944696448
13.876516539790247,13.875917703857699,0.11763420849883346,0.11763813011647598,13.645197516914141,14.106637890801256,13.87585827454293,0.11762924275520352,13.876579426644303,0.11749733546535268,13.64353824340348,14.104868803867486
13.90257826618317,13.90198202987194,0.11828786603807022,0.11829172768468907,13.669979961339694,14.133984098404186,13.90190013426682,0.11841226557093971,13.902458960082093,0.11838181076360406,13.668346671919913,14.132319665380892
13.928227172460279,13.927633530101444,0.11893356354989164,0.11893736654950818,13.694365189150199,14.160901871052689,13.927712136533422,0.11913571406685157,13.928224447759685,0.11891414081319883,13.692777569790106,14.160111491598538
13.953472938432046,13.95288188363912,0.1195714143183768,0.11957515995855948,13.718362657329344,14.187401109948897,13.952978491871336,0.11976977067475515,13.953539657490875,0.1197895991404988,13.716708379307205,14.186546532719081
13.978324945423612,13.97773647114161,0.12020153114902248,0.12020522068198217,13.74198152536103,14.213491416922189,13.977933390606626,0.12037548416957138,13.97838215684844,0.12039486793067876,13.740437624519737,14.212220467547475
14.002792287614152,14.002206386165723,0.12082402623242439,0.12082766087608297,13.765230666833217,14.239182105498228,14.002011945359689,0.12087234974260117,14.002649720437283,0.12095004276337186,13.763869380189137,14.237217301046298
14.026883782867237,14.026300445996059,0.12143901102348559,0.12144259196251711,13.788118680502508,14.264482211489609,14.026187747310466,0.12143727724333064,14.026625816045698,0.1212277160329271,13.786596074330182,14.263082698513227
14.05060798307838,14.05002720198999,0.12204659613469399,0.12205012452153811,13.810653900848493,14.289400503131485,14.050060321111395,0.1220269595805092,14.050669519835207,0.12216909183390154,13.809389837095441,14.287599426460003
14.07397318406449,14.073394949464687,0.12264689124214931,0.12265036819799685,13.832844408145135,14.313945490784239,14.073391521260136,0.12271862220658461,14.073881693570042,0.12283155177537311,13.831447647078777,14.31250994317012
14.0969874350185,14.096411737149488,0.12324000500313972,0.1232434316188904,13.854698038074858,14.338125436224118,14.09648041593706,0.12347510034547914,14.09688962436035,0.12345073426117364,13.853172307480783,14.33715696166424
14.119658547551143,14.119085376225549,0.12382604498418036,0.12382942232137259,13.876222390909374,14.361948361541723,14.119049532982466,0.12395697809921637,14.119498340177422,0.12407636500756909,13.87504408858424,14.360388714590805
14.141994104340572,14.141423448973445,0.12440511759852572,0.12440844669023918,13.897424840279905,14.385422057666984,14.141239788829916,0.12455491076491215,14.14175935253801,0.12454919004528284,13.895990788966248,14.38334458493003
14.164001467409367,14.163433317048321,0.12497732805225911,0.12498060990398985,13.918312541558114,14.408554092538528,14.163380221343658,0.1250839340707594,14.163942303356597,0.12506455892797308,13.917166219137131,14.407416213847027
14.185687786047385,14.185122129400952,0.12554278029814328,0.12554601588865222,13.938892439867729,14.431351818934175,14.18517135861606,0.12570244424508722,14.185800136805977,0.12537427591151118,13.93668111791341,14.430298745669907
14.207060004397869,14.2064968298622,0.12610157699649258,0.1261047672786277,13.959171277745796,14.453822381978604,14.206601523010814,0.12614468337895685,14.20704125042823,0.12604194898260057,13.957658687275218,14.452822442449827
14.228124868723269,14.227564164407267,0.12665381948239232,0.12665696538388502,13.979155602471268,14.475972726343267,14.227640983794977,0.1267852608784084,14.228209962342216,0.1267498253592271,13.977858667251912,14.474398830099481
14.24888893436634,14.24833068811533,0.12719960773865507,0.1272027101628912,13.998851773077737,14.497809603152922,14.248147890161853,0.1272381244367048,14.248673713070469,0.12716624783144995,13.996998503498443,14.496316576900206
14.269358572421192,14.268802771839187,0.12773904037395548,0.12774210020072196,14.018265967066009,14.519339576612365,14.268819584963616,0.12783697133769037,14.269409080879818,0.12793220103743783,14.017014088405503,14.517945063743
14.28953997612824,14.288986608598924,0.1282722146056393,0.12827523269184649,14.037404186831527,14.54056903036632,14.288982851901931,0.1283832170063816,14.289377122302495,0.12832423332372497,14.035947852354186,14.53944872208897
14.309439167006145,14.308888219712621,0.12879922624674556,0.12880220342712628,14.056272265820587,14.561504173604655,14.308769352858478,0.12885569476965902,14.309414965393081,0.12887846043643045,14.054900875903808,14.559597575968004
14.329062000733266,14.328513460676639,0.1293201696968233,0.1293231067846092,14.074875874428676,14.582151046924603,14.32836890499908,0.12945660029245903,14.329115402749334,0.12931335549401632,14.072902051160938,14.580572636621453
14.348414172790346,14.347868026807227,0.1298351379361625,0.12983803572373803,14.093220525653436,14.602515527961017,14.348102143508703,0.1300666529602153,14.34848551810732,0.1300220876574728,14.091900179335187,14.601563704726681
14.367501223875626,14.366957458654612,0.13034422252309188,0.130347081782627,14.111311580514094,14.62260333679513,14.36699969854153,0.1305605260841257,14.367599044127363,0.1302911878099973,14.109805952272387,14.621456419469624
14.38632854510294,14.385787147200116,0.130847513594029,0.13085033507809093,14.129154253248531,14.6424200411517,14.385517845414396,0.13096150657422329,14.38613805576615,0.13097367635560891,14.127060620965198,14.640568763965927
14.404901382992813,14.404362338846353,0.13134509986599513,0.13134788430813998,14.146753616298573,14.661971061394132,14.404345826718586,0.13146271624384143,14.404781304241505,0.13151039655373825,14.145392647930287,14.660520286738382
14.423224844266091,14.422688140209988,0.131837068641335,0.1318398167566796,14.164114605093543,14.681261675326434,14.422708162489537,0.13176774451582116,14.42311036887016,0.13190491359335216,14.163167890742535,14.679409611661985
14.441303900449029,14.440769522726034,0.13232350581440208,0.1323262183001772,14.181242022641477,14.700297022810592,14.440647088153588,0.13246991060217017,14.441095679531333,0.1326401004738456,14.179751942667219,14.698625941530114
14.459143392298476,14.458611327072251,0.13280449587999552,0.13280717341608034,14.198140543937013,14.71908211020749,14.458537348961752,0.13277167427096045,14.458977935818938,0.1328603920294518,14.197277339524343,14.71732015006126
14.476748034055186,14.476218267421752,0.13328012194335026,0.13328276519278937,14.214814720194441,14.737621814649062,14.476275895534528,0.1334087522899367,14.476873275715175,0.13360605595772937,14.213934531017829,14.736373529611063
14.494122417532994,14.493594935531483,0.133750465731503,0.13375307534100614,14.231268982913926,14.75592088814904,14.49370273357418,0.13391392017355555,14.494404830366843,0.13397833655432564,14.230000573738742,14.754349559511475
14.511271016051126,14.51074580467391,0.13421560760587048,0.13421818420629572,14.247507647788549,14.77398396155927,14.510760613567934,0.13417472870544836,14.51122116850583,0.1340181925504365,14.246131886896226,14.77237694367944
14.528198188216622,14.527675233418826,0.13467562657589321,0.13467817078271405,14.263534918459397,14.791815548378255,14.527477604809349,0.13466447483543392,14.527959621405046,0.1344532270010825,14.26240585145434,14.790275749725412
14.544908181563432,14.54438746927187,0.13513060031360946,0.13513311272736644,14.279354890125525,14.809420048418215,14.544214687485976,0.13508446605947017,14.544618716298396,0.13493080057150475,14.278558876049843,14.807883300998853
14.561405136054447,14.56088665217603,0.13558060516903797,0.13558308637577546,14.294971553015317,14.826801751336744,14.560668900386329,0.13565451544729362,14.5608903381036,0.13556788651425056,14.293405286622615,14.825737244805955
14.57769308745245,14.577176817882078,0.13602571618625897,0.13602816675794724,14.310388795725412,14.843964840038744,14.577287571477273,0.13617685268112825,14.577824842666566,0.13619599443179456,14.30915070053512,14.842522467485367
14.593775970565614,14.593261901193582,0.13646600712009163,0.13646842761503528,14.325610408433034,14.86091339395413,14.593277291263943,0.13659217323062064,14.593652186950292,0.13661497741035036,14.324003064397292,14.860023988424674
14.609657622372964,14.609145739091927,0.13690155045327862,0.13690394141651133,14.340640085987335,14.877651392196519,14.609058161011607,0.13693755207859007,14.609390328884743,0.13691664138942908,14.339726752904498,14.876047532402703
14.625341785034902,14.624832073746395,0.13733241741409288,0.1373347793777594,14.355481430884968,14.894182716607823,14.624850473246502,0.13742428384190272,14.625359313243269,0.137448246476568,14.354466392169805,14.892912193350966
14.640832108793695,14.640324555414262,0.13775867799429367,0.13776101147801895,14.370137956134998,14.910511154693525,14.640442308334494,0.13785478666564718,14.640731357750944,0.13767994534527978,14.369020389802762,14.909160792738637
14.656132154768546,14.65562674523547,0.13818040096736248,0.13818270647860897,14.384613088017824,14.926640402453115,14.655715169357308,0.1383175108039661,14.656240776801504,0.13826520882577503,14.383348601158508,14.925626699434005
14.671245397649704,14.670742117926391,0.1385976539069582,0.13859993194137143,14.398910168742773,14.942574067110009,14.671028193697135,0.13867415251959025,14.671640030181294,0.1388006199852822,14.398104039967,14.941013893072643
14.686175228295783,14.685674064376794,0.13901050320553593,0.1390127542472788,14.413032459008578,14.95831566974501,14.685652825127816,0.13908522142209792,14.686197506140942,0.1389644424297357,14.411842780003536,14.957016767010828
14.70092495623834,14.700425894154105,0.1394190140930794,0.13942123861515546,14.426983140470911,14.973868647837298,14.700525720634054,0.13941868019695597,14.701047537060013,0.13948252453127916,14.426050718527007,14.972099413748058
14.715497812097523,14.715000837918739,0.13982325065590143,0.13982544912046801,14.440765318120867,14.98923635771661,14.715309945090253,0.13982500501330147,14.71566818306055,0.14003210101594918,14.440261594211247,14.987932597919485
14.729896949912433,14.729402049754192,0.1402232758554724,0.1402254487141433,14.454382022578155,15.00442207693023,14.729544056245711,0.14028719254136476,14.729967140269578,0.14032828106253115,14.453656351961909,15.00299532369512
14.744125449389683,14.743632609415307,0.14061915154723983,0.14062129924137848,14.467836212302457,15.019429006528158,14.74377225113486,0.1406023091720687,14.744329054436424,0.14037959755079552,14.466466396012184,15.018271130543981
14.758186318073472,14.757695524498109,0.14101093849940624,0.14101306146040932,14.481130775726465,15.034260273269753,14.757662103682263,0.14086631203028943,14.757873241088877,0.14096802865191188,14.480920154838795,15.03314872707271
14.772082493440331,14.771593732534289,0.141398696411636,0.14140079506120803,14.494268533313697,15.04891893175488,14.771502830698026,0.1412692644577486,14.771868775615356,0.1412602606480951,14.493108152796422,15.047242220348489
14.785816844921591,14.785330103013454,0.1417824839336651,0.1417845586840843,14.50725223954425,15.063407966482657,14.785273197989563,0.1418350328917521,14.7855454580548,0.14181613244572933,14.505976666839283,15.061840339830011
14.799392175856399,14.798907439335922,0.14216235868379015,0.14216440993816573,14.520084584831366,15.077730293840478,14.798758424853563,0.14217691288987233,14.799198132285941,0.14226476744349634,14.518510135668425,15.075961068949674
14.812811225378104,14.812328480698902,0.14253837726721585,0.1425404054197373,14.532768197371631,15.091888764026173,14.812620349387227,0.14269932463783028,14.813279119524832,0.1429581593039109,14.531774056204407,15.09040664513158
14.826076670236594,14.825595903918634,0.14291059529424285,0.1429126007304213,14.545305644931469,15.105886162905799,14.825515857471927,0.14309778300740156,14.826042684785111,0.14297609570061887,14.543586951801927,15.104887533117784
14.839191126559115,14.838712325191027,0.1432790673982794,0.14328105049518125,14.557699436572461,15.119725213809593,14.838630408815593,0.14318429187978174,14.839006022751512,0.14319214574798658,14.556471655337951,15.117492388029737
14.852157151551971,14.851680301793186,0.14364384725366225,0.1436458083801358,14.569952024317942,15.13340857926843,14.851676260198483,0.14370915264356152,14.852235099888137,0.14345603310567856,14.568467620912443,15.13244945554163
14.864977245145406,14.864502333728122,0.14400498759327535,0.14400692711017002,14.582065804763163,15.146938862693082,14.864614773513356,0.1439795369683239,14.864865814057715,0.1439133241623312,14.581527664211187,15.145649832847576
14.877653851583847,14.877180865314855,0.1443625402259541,0.1443644584863329,14.594043120631278,15.160318609998432,14.877060583367953,0.1444719146979847,14.877361294972529,0.14443707767690214,14.592611449284723,15.15874064599429
14.890189360963618,14.88971828672596,0.144716556053667,0.14471845340301265,14.605886262277203,15.173550311174719,14.889726735180984,0.14472343632407714,14.890194426139203,0.14469006204948304,14.604558617321457,15.17205351281042
14.90258611072013,14.90211693547464,0.14506708508846577,0.14506896186488014,14.617597469141458,15.18663640180782,14.902246067648814,0.1451398978643003,14.902704103308949,0.14481342036713937,14.616333215269917,15.185389713430613
14.914846387066474,14.914379097853173,0.14541417646919808,0.1454160330035957,14.62917893115585,15.199579264550495,14.914232988919835,0.14548424298524057,14.914769782293556,0.1454517017800369,14.627887065757683,15.197775867026047
14.926972426385214,14.926507010324585,0.14575787847797594,0.1457597150942715,14.640632790102854,15.212381230546315,14.926353342441443,0.14573769386750954,14.926624014549493,0.14569129605824163,14.6391301588462,15.211081984232399
14.93896641657523,14.938502860869379,0.1460982385563969,0.14610005557168704,14.65196114093054,15.225044580808218,14.938649311760097,0.1462872483016646,14.939274707053249,0.146207930255638,14.650595534062457,15.223965557091695
14.950830498355163,14.950368790288866,0.14643530332151242,0.14643710104625193,14.663166033024604,15.237571547553129,14.950305773752362,0.14647176272345408,14.950848635870017,0.14636946176598978,14.661859050569763,15.236020581546383
14.962566766525212,14.962106893466858,0.14676911858154199,0.14677089731971488,14.67424947143924,15.249964315494477,14.962031255811356,0.14702658413911837,14.96254194512757,0.14710937245113884,14.672079000620863,15.248510439696732
14.974177271188719,14.973719220591159,0.14709972935133017,0.14710148940061532,14.685213418088333,15.262225023093984,14.973830304552871,0.14704966657140017,14.974347808823467,0.14693930459544974,14.683812336097334,15.260563038710487
14.985664018935086,14.985207778336381,0.14742717986754525,0.14742892151947717,14.696059792898478,15.274355763774285,14.985355661315948,0.1473469904311337,14.985975129161098,0.14729937633091786,14.695256159747311,15.272888997798594
14.997028973985422,14.996574531009507,0.14775151360361874,0.14775323714374364,14.706790474925247,15.286358587093767,14.996757168868129,0.1478360341185669,14.997353650563234,0.147817953705655,14.705661693610997,15.285124148382375
15.008274059302257,15.007821401659525,0.14807277328442545,0.14807447899245252,14.71740730343404,15.29823549988501,15.007971394407656,0.14805954960639459,15.008539237127506,0.14819958255725835,14.716248340639373,15.296434492364268
15.019401157664678,15.018950273152479,0.14839100090070423,0.1483926890506525,14.727912078946868,15.309988467358089,15.018970632061704,0.14839098620426086,15.019214868950701,0.1481894654912957,14.727225255858176,15.308877777487291
15.030412112710078,15.02996298921315,0.14870623772322047,0.14870790858356128,14.738306564256261,15.321619414170039,15.030064490389506,0.14880274490298406,15.030414136885092,0.14878768416367746,14.73715722643355,15.320609149363566
15.041308729943754,15.040861355434584,0.1490185243166707,0.14902017815046598,14.748592485407531,15.333130225461638,15.040735111359789,0.14920306113069967,15.041215642344852,0.1494077844042486,14.746618386132102,15.331674253037715
15.052092777717506,15.051647140256621,0.1493279005533318,0.1493295376183683,14.758771532650549,15.344522747862694,15.051605074754436,0.1496031632995808,15.051954678295893,0.1494982723544729,14.75705666600725,15.34341065725641
15.062765988178297,15.062322075914494,0.14963440562645525,0.14963602617537497,14.768845361362073,15.355798790466915,15.062431756984111,0.14991420743465728,15.062785604895929,0.1493330653793255,14.766688861895345,15.355549058060934
15.073330058188086,15.072887859358609,0.14993807806341006,0.14993968234383664,14.77881559293976,15.366960125777458,15.072740325530544,0.14993032509345292,15.073141647055825,0.15003916094504943,14.777526857342307,15.365188865674988
15.083786650215817,15.083346153146472,0.15023895573857518,0.15024054399323686,14.788683815668817,15.378008490624127,15.083242987527335,0.15028623219341758,15.083692348765133,0.15022583788674107,14.788160878701625,15.376876845703897
15.094137393202542,15.093698586307763,0.15053707588598497,0.15053864835283384,14.79845158556228,15.388945587053247,15.093736902638446,0.15067882574275976,15.094020015810319,0.15074277315930104,14.796925094339079,15.387233567016379
15.104383883400642,15.103946755183513,0.15083247511172998,0.15083403202405796,14.80812042717588,15.399773083191146,15.103945231560104,0.15114017564992288,15.104383243107856,0.15117750536326202,14.806212111131314,15.398875373298951
15.11452768518799,15.11409222424021,0.1511251894061163,0.15112673099266763,14.817691834398298,15.410492614082122,15.114075388798867,0.15117183117635552,15.114445498083835,0.15106673219175112,14.816629145359599,15.40900015816438
15.124570331857988,15.124136526859804,0.15141525415558588,0.15141678064066652,14.827167271217807,15.421105782501801,15.12427492134678,0.15145486784741755,15.124496139776099,0.15151447938481988,14.826274165214771,15.42027586463072
15.134513326386246,15.13408116610634,0.15170270415440185,0.15170421575798573,14.836548172465987,15.431614159746692,15.1339913479198,0.15173387711697187,15.134399800242644,0.1517799094052253,14.835714055715412,15.430434373358596
15.144358142174756,15.143927615470094,0.1519875736161016,0.1519890705539339,14.845835944539413,15.442019286400775,15.144020509234275,0.15232798594814134,15.144478822867082,0.15226830370430502,14.844413954586763,15.441074176293801
15.154106223774278,15.153677319589928,0.15226989618472114,0.1522713786684187,14.855031966099984,15.452322673079872,15.153566970063107,0.15240495627229123,15.153779027797727,0.1525740829162811,14.853865822896068,15.45193833400077
15.163758987585712,15.163331694954621,0.15254970494579415,0.15255117318294284,14.864137588754712,15.46252580115453,15.163324649361467,0.15286754443885972,15.163863135761652,0.15276916434123836,14.86185794123608,15.46135380987474
15.173317822541145,15.172892130583886,0.15282703243712947,0.15282848663137927,14.873154137715582,15.47263012345219,15.172867216717,0.1529096889931949,15.173401585085935,0.15303998524860474,14.871807605159784,15.470444561028202
15.182784090765272,15.182359988689768,0.15310191065937045,0.15310335101052736,14.882082912440264,15.482637064939272,15.18216779757314,0.15321577974346026,15.182376886863253,0.15319122147856373,14.880982284810683,15.481673624993388
15.192159128217817,15.191736605319031,0.1533743710863395,0.15337579779045538,14.890925187254208,15.492548023383854,15.191620144857371,0.15322562360587993,15.191899247744912,0.153432827027082,14.890564527480256,15.491075407148465
15.201444245317623,15.201023290977226,0.15364444467517235,0.1536458579246319,14.899682211954842,15.50236436999961,15.200984252391484,0.1536525578409218,15.201417165910915,0.1536709739305631,14.89896679063272,15.50049809066946
15.210640727548999,15.210221331235012,0.1539121618762446,0.15391356185985028,14.908355212398428,15.512087450071595,15.210378029355882,0.1540138763632419,15.210830024960043,0.15405395935938246,14.907393685642022,15.51063554116504
15.219749836050886,15.219331987317295,0.15417755264289493,0.15417893954594936,14.916945391070142,15.521718583564448,15.219383562827824,0.15435729584702976,15.219827795099668,0.15425942055776845,14.915733238221927,15.520860646376143
15.228772808189461,15.228356496675822,0.15444064644094876,0.1544420204453349,14.92545392763798,15.531259065713664,15.228568300834054,0.15453557635986942,15.228842620365509,0.15463185999538687,14.924765315542516,15.530191486699037
15.237710858114664,15.237296073545679,0.15470147225804545,0.1547028335423046,14.933881979490986,15.540710167600372,15.237254293943826,0.15475638564227864,15.237745485327999,0.15456674762164532,14.93336647699669,15.539545912673253
15.246565177301195,15.246151909486272,0.1549600586127729,0.15496140735218067,14.942230682262306,15.550073136710239,15.245986636331507,0.15509020170513843,15.246594897268677,0.15527275152806924,14.939920161962892,15.548465823691023
15.255336935074494,15.254925173907294,0.15521643356361386,0.1552177699302541,14.95050115033762,15.559349197476967,15.255047643234198,0.15545689963405518,15.255384944780396,0.15526946882521783,14.949514883494295,15.558617644123691
15.264027279122168,15.263617014580133,0.1554706247177066,0.15547194888054316,14.958694477349372,15.568539551810893,15.263786811182861,0.15557439669972067,15.264110890398033,0.1554297673961663,14.957610931526522,15.568090460838643
15.272637335991327,15.27222855813519,0.15572265923942394,0.15572397136437074,14.966811736657263,15.577645379613116,15.272310417598284,0.15588873433649622,15.272593037545814,0.15584339959101728,14.96570668671972,15.576947309751809
15.281168211572314,15.280760910545602,0.15597256385877473,0.15597386410876385,14.974853981815501,15.586667839275703,15.280578324347562,0.15618564683154265,15.280899528370538,0.15607505551981207,14.973813384863305,15.586206391926565
15.289620991569215,15.289215157597742,0.15622036487963012,0.15622165341467814,14.982822247027173,15.59560806816831,15.289328382461374,0.15613578474186512,15.289671245131998,0.15616044144473354,14.982407844469392,15.594535542015274
15.297996741957599,15.297592365348931,0.15646608818777946,0.156467365165052,14.99071754758616,15.604467183111703,15.297685848286624,0.15660549277165073,15.298262074359457,0.15646190171106059,14.989333721925123,15.603176638036746
15.306296509429883,15.30589358057282,0.15670975925881833,0.15671102483269292,14.998540880307043,15.613246280838595,15.305701272054474,0.15645601285625793,15.306127934861813,0.15644508896299839,14.998055881805065,15.611336181336167
15.314521321828705,15.314119831192722,0.15695140316587264,0.15695265748799994,15.00629322394331,15.621946438442134,15.314038765006924,0.15691508065938983,15.314279089404582,0.15669511187801502,15.00518023330484,15.621014474835913
15.322672188568673,15.322272126703378,0.15719104458716157,0.1571922878065251,15.013975539594268,15.630568713812488,15.322276432202138,0.1572408803470486,15.322778212077328,0.15730309765644346,15.01306724073149,15.62943624910295
15.330750101046878,15.33035145858145,0.15742870781340348,0.15742994007637762,15.021588771101026,15.639114146061875,15.33016027800448,0.15744025488692598,15.330607925784314,0.15753526625256153,15.02048101734374,15.637797729871211
15.338756033042477,15.338358800685102,0.15766441675506787,0.15766563820547436,15.02913384543186,15.647583755938344,15.338445162997807,0.15790344256815125,15.33857890992646,0.15781100680225688,15.027852894263203,15.647039428198319
15.346690941105734,15.346295109643025,0.15789819494947535,0.1578994057286386,15.036611673057307,15.655978546228743,15.346278810163568,0.15795757422222645,15.34656486575733,0.15760713997329004,15.035488130768867,15.655145792410481
15.354555764936789,15.354161325233209,0.15813006556775133,0.158131265814552,15.044023148315306,15.664299502151112,15.354032656026238,0.15820325254947826,15.354375420895506,0.15831351034968927,15.042059215424047,15.662754523581995
15.362351427754502,15.361958370751786,0.1583600514216336,0.15836124127256102,15.051369149766694,15.672547591736878,15.361708083889473,0.15847254189496982,15.362370323000887,0.1582436444718831,15.050104720967438,15.671442273144477
15.370078836655681,15.369687153372238,0.15858817497013963,0.15858935455934278,15.058650540541334,15.680723766203142,15.369324966731677,0.15875644998437327,15.36970009707497,0.1587696657784175,15.05672252123684,15.679402581682263
15.377738882964945,15.377348564495273,0.15881445832609442,0.15881562778543168,15.065868168675198,15.688828960315348,15.377531673610616,0.1588987857326349,15.378008444934967,0.1586937707879856,15.064722282061172,15.688006427348876
15.385332442575548,15.384943480089634,0.15903892326252317,0.15904008272161074,15.073022867438636,15.69686409274063,15.385314609981744,0.15900241723619313,15.38558362981297,0.15902826539623446,15.072926974928055,15.695892970680315
15.392860376281412,15.392472761024136,0.15926159121891112,0.15926274080517033,15.080115455656138,15.704830066392134,15.392408589257675,0.15944305776263196,15.392707758827544,0.15931339927551624,15.078813915228467,15.70402881706292
15.40032353010063,15.399937253391158,0.1594824833073339,0.15948362314603717,15.08714673801781,15.712727768764507,15.399567940379045,0.15967475661679884,15.399938404461384,0.15953983840157016,15.085066491756203,15.711758168836093
15.407722735590715,15.4073377888219,0.1597016203184602,0.1597027505327761,15.09411750538285,15.720558072260951,15.407393060465864,0.1597477715647796,15.407806163455705,0.15975229242213732,15.093581429886122,15.719513878780369
15.415058810155804,15.414675184793584,0.1599190227274311,0.15992014343846805,15.101028535075235,15.728321834511933,15.41476065081222,0.16013572862652867,15.415202445896757,0.15996932982013268,15.099297458761537,15.727740374609901
15.422332557346088,15.421950244928874,0.16013471069961707,0.16013582202646606,15.10788059117184,15.736019898685909,15.421755224730909,0.16024391281923886,15.422057283124799,0.16009204675710403,15.106516008910104,15.734869831298045
15.429544767149693,15.429163759287768,0.1603487040962564,0.16034980615603273,15.114674424783278,15.743653093792258,15.429372104344306,0.1602527198741033,15.429676634758081,0.16025205360882383,15.114601697782154,15.742536249115597
15.436696216277191,15.436316504652096,0.16056102247997725,0.1605621153878611,15.12141077432757,15.751222234976622,15.43627000531756,0.16046933151892956,15.436534873891581,0.16063327115223522,15.120596491307511,15.749696936954939
15.443787668439029,15.443409244802963,0.16077168512020606,0.16077276898948217,15.128090365796982,15.758728123808943,15.443437952023546,0.1606767829181483,15.444019881241136,0.1605744220927769,15.127282906298765,15.756849770943615
15.450819874616007,15.450442730791215,0.16098071099846453,0.16098178594056084,15.134713913018107,15.766171548564323,15.450597226657171,0.1611795969730142,15.450834247601112,0.16078066465541055,15.133500794352297,15.765813316403648
15.45779357332306,15.457417701201233,0.1611881188135576,0.16118918493808312,15.141282117905476,15.773553284496991,15.45745171504593,0.16128402243444423,15.457884905098007,0.1611133338880805,15.139769016666651,15.772229746129943
15.464709490866515,15.464334882408178,0.1613939269866554,0.16139498440143688,15.14779567070885,15.780874094107505,15.464388227945134,0.1615775461273177,15.464635330301729,0.1613163588296113,15.147060296823414,15.779981633322436
15.471568341594999,15.471194988828913,0.16159815366627078,0.16159920247738876,15.154255250254378,15.788134727403447,15.471352666605128,0.16175262266954343,15.47192836656366,0.16175451040044875,15.15333976956399,15.787630230035889
15.478370828144211,15.477998723166763,0.16180081673313498,0.1618018570449588,15.160661524179789,15.795335922153738,15.477886293314594,0.16210233849118497,15.478077237457814,0.1620712941704479,15.159371236876675,15.794637593189274
15.485117641675702,15.484746776650313,0.16200193380497385,0.16200296572019598,15.16701514916383,15.802478404136796,15.484607983077895,0.16197289304637158,15.484900397919185,0.1620807762822263,15.166399358055807,15.801074503741345
15.491809462109847,15.491439829266367,0.1622015222411866,0.162202545860856,15.173316771150057,15.809562887382677,15.491336277508672,0.16239510810380475,15.49162601002472,0.16241442644902704,15.171791321737912,15.808424268017541
15.498446958353174,15.498078549987286,0.16239959914742938,0.16240061457098418,15.179567025565168,15.816590074409403,15.49816535149717,0.16259158626251988,15.498681494466947,0.16244658365751885,15.177810155289183,15.815864683307039
15.505030788520207,15.504663596992831,0.1625961813801056,0.1625971887054049,15.185766537532057,15.823560656453605,15.50448711945896,0.16276321241024289,15.504469973714567,0.16282205340485403,15.185119152198165,15.822925111366727
15.511561600149971,15.511195617886676,0.16279128555076508,0.16279228487412017,15.191915922077694,15.830475313695658,15.510989243179417,0.16290581021380682,15.511220309665948,0.16305447237187123,15.190718427533763,15.82883157883112
15.518040030417309,15.517675249907716,0.16298492803041437,0.16298591944661903,15.198015784335976,15.837334715479457,15.51775367219877,0.16297661219138107,15.518371505811437,0.16296664217335216,15.197057412743673,15.836002637228043
15.52446670633917,15.524103120136374,0.16317712495373973,0.16317810855609988,15.20406671974576,15.844139520526987,15.524051168021257,0.16313733002573141,15.524574849792964,0.16308771694525795,15.203352034878185,15.842503238443593
15.53084224497599,15.530479845695968,0.16336789222324472,0.16336886810360754,15.21006931424412,15.850890377147817,15.530592439243375,0.16326344140559865,15.531025161882601,0.16344643057818195,15.210009031664265,15.849532008052195
15.537167253628304,15.53680603394934,0.16355724551330508,0.16355821376208718,15.216024144455009,15.85758792344367,15.536440945168593,0.16347693968642812,15.536658679827575,0.16362625826850874,15.215424077286794,15.857160207210486
15.543442330028723,15.543082282690825,0.16374520027414127,0.16374616098035644,15.221931777873454,15.864232787508197,15.54313237919484,0.16378138537915082,15.543477853036016,0.1637412095986063,15.221297523449573,15.863160879037748
15.549668062529408,15.54930918033374,0.16393177173571202,0.16393272498699815,15.227792773045405,15.870825587622075,15.549024047948441,0.16399906753038163,15.5492532476978,0.16402607388432577,15.227413083901826,15.86992800417452
15.555845030285157,15.555487306093461,0.1641169749115295,0.1641179207941751,15.233607679743324,15.877366932443598,15.555698942904074,0.1643424525836548,15.55618821181892,0.16419683594912246,15.23241952110574,15.87661770066974
15.561973803432224,15.561617230166258,0.1643008246023983,0.16430176320136827,15.239377039137697,15.883857421194818,15.561398265777182,0.16421758148069737,15.561726958273418,0.16419409749945568,15.2386851778644,15.882847952427321
15.56805494326298,15.56769951390395,0.16448333540008012,0.16448426679904085,15.245101383964501,15.890297643843398,15.567513864341072,0.16464921249902392,15.567726207082297,0.16459096410717503,15.24324406630454,15.88928175930489
15.574089002396557,15.57373470998456,0.1646645216908852,0.16466544597222937,15.250781238688809,15.896688181280311,15.57396914783859,0.16490524055012695,15.574334094554416,0.16486851868176336,15.249731864659996,15.896303701142958
15.580076524945536,15.579723362579005,0.16484439765919248,0.16484531490406307,15.256417119664588,15.90302960549342,15.57963824600751,0.1651096111243811,15.579917850187805,0.1649199143688144,15.25463276541608,15.90320565325198
15.586018046678818,15.585666007513964,0.16502297729090018,0.16502388757921396,15.262009535290794,15.909322479737135,15.58554495989788,0.16516637478425433,15.585710259285356,0.1652850912927724,15.2608789300865,15.908408235816553
15.591914095180783,15.591563172431051,0.16520027437680798,0.16520117778727858,15.26755898616391,15.915567358698192,15.591559540606593,0.1651652690890874,15.59177516858195,0.16490721464197602,15.266677008282699,15.914738116472005
15.597765190006815,15.597415376942338,0.16537630251593255,0.16537719912609297,15.273065965226976,15.9217647886577,15.597585360040538,0.16555285215933507,15.597829149540983,0.16551791217733677,15.271944217369501,15.921135249584502
15.603571842835281,15.603223132782341,0.16555107511875744,0.165551965004982,15.278530957915196,15.927915307649487,15.603297734157161,0.16554557834640715,15.603537724531092,0.16526434487042604,15.277827796111472,15.926940383713614
15.609334557616112,15.608986943956602,0.16572460541041995,0.16572548864794587,15.283954442298269,15.934019445614934,15.608900026448952,0.16579548900363664,15.60937854452769,0.16553841785375972,15.282558279367422,15.93267082076788
15.615053830716008,15.614707306886901,0.1658969064338344,0.16589778309678271,15.289336889219486,15.940077724554316,15.614937241336952,0.16589018474401868,15.615184376045928,0.16585562013645383,15.288939163083201,15.939517663835723
15.620730151060384,15.620384710553203,0.16606799105275524,0.16606886121415146,15.294678762431655,15.946090658674752,15.620541561575246,0.16634792957830966,15.620816030408985,0.16651865176112826,15.2937417052584,15.94584183035608
15.626364000272172,15.62601963663247,0.16623787195477985,0.16623873568657405,15.29998051873004,15.952058754534901,15.625875093650706,0.16645861977716375,15.62633409911224,0.16624492972554972,15.298283875372794,15.951316010427286
15.631955852807494,15.631612559634332,0.16640656165429316,0.16640741902737965,15.305242608082247,15.957982511186417,15.63143459623193,0.16638753387359856,15.631759427670938,0.16584255799045156,15.304258204844153,15.95679609587984
15.63750617608835,15.637163947033782,0.16657407249535475,0.16657492357959136,15.310465473755265,15.9638624203123,15.637327791118615,0.16669555086236157,15.6377434020646,0.16686361732516536,15.30953515763916,15.962754512728035
15.643015430632365,15.642674259400929,0.16674041665453015,0.166741261518757,15.315649552439659,15.969698966362198,15.642917237722434,0.1667023778848754,15.643176845809414,0.1667432266364638,15.315117212595412,15.968114625879563
15.648484070179673,15.64814395052788,0.16690560614366753,0.1669064448557255,15.320795274371013,15.975492626684746,15.648093614123257,0.16706993975686024,15.648383769528873,0.16690499233099104,15.32014864430627,15.974299755897936
15.65391254181702,15.653573467552855,0.16706965281262048,0.16707048543936923,15.325903063448704,15.981243871657005,15.65382016216097,0.167281094712353,15.654345379438809,0.1672162475916248,15.324244966965532,15.980470959364071
15.659301286099156,15.658963251081584,0.16723256835191874,0.16723339495925427,15.330973337352063,15.986953164811105,15.659032558680538,0.16752154586588763,15.659320940820994,0.16761127569908413,15.330239100869655,15.986753795263807
15.664650737167575,15.664313735306042,0.167394364295387,0.16739518494825906,15.336006507653972,15.992620962958112,15.664535294612252,0.16740323711666671,15.664906665517538,0.16755910856522804,15.335443856326915,15.991740912280989
15.669961322866676,15.669625348120622,0.1675550520227145,0.1675558667851433,15.341002979931995,15.99824771630925,15.669843578408738,0.16756693796167166,15.670122514089268,0.1672686433668322,15.340539847233456,15.997320471481185
15.67523346485743,15.674898511235803,0.16771464276197454,0.16771545169706742,15.345963153877117,16.00383386859449,15.67484386881431,0.16794819430871674,15.675225564691981,0.16778692310461057,15.344995046481468,16.003345237924318
15.680467578728559,15.680133640289338,0.1678731475920965,0.16787395076206407,15.35088742340007,16.009379857178605,15.680051996152484,0.1679861940434596,15.680519391869908,0.16805210026550954,15.3494010266673,16.0081888830774
15.68566407410537,15.685331144955086,0.1680305774452907,0.16803137491146264,15.355776176735423,16.014886113174747,15.685482284054405,0.1680212713907953,15.685946630798982,0.16839881933161732,15.355171733001715,16.013716219042294
15.690823354756219,15.690491429049487,0.16818694310942697,0.16818773493226755,15.360629796543382,16.020353061555593,15.690168622704618,0.16808408861838162,15.690446370648601,0.1679344509754874,15.360334099531219,16.01866606876954
15.695945818696739,15.695614890635786,0.16834225523036872,0.168343041469492,15.365448660009442,16.02578112126213,15.695496540287795,0.16842964500466814,15.696046481617476,0.1682087760132542,15.364228018919228,16.024594877777435
15.701031858291831,15.700701922126038,0.16849652431426232,0.16849730502844706,15.3702331389419,16.031170705310174,15.700293159584781,0.16860175771126287,15.700645209815455,0.16847444654741964,15.369250152149581,16.02969219794799
15.706081860355495,15.705752910380939,0.16864976072978388,0.16865053597698795,15.374983599867289,16.03652222089459,15.705432978977191,0.16893405875653342,15.705732022046966,0.16862009269202205,15.373223660885888,16.036238953598083
15.711096206248568,15.710768236807562,0.16880197471034325,0.16880274454771801,15.379700404123774,16.04183606949135,15.710401702370659,0.168953709028569,15.710615982992618,0.169137064999991,15.378481115630615,16.040665706886223
15.716075271974393,15.715748277455043,0.16895317635624707,0.16895394084015128,15.384383907952616,16.04711264695747,15.715867211199479,0.1690628513475067,15.716122897700853,0.16929691636633726,15.383683463134217,16.04622191704219
15.721019428272488,15.720693403108246,0.16910337563682132,0.16910413482283476,15.389034462587661,16.05235234362883,15.720562755205119,0.16916278621718578,15.721010716910142,0.16892273587894457,15.388270825672002,16.051114785020513
15.725929040710259,15.72560397937948,0.169252582392494,0.16925333633543097,15.39365241434298,16.05755554441598,15.725515459078194,0.16935885940167278,15.725988456180623,0.1692241244241911,15.392655124801005,16.05686234064055
15.7308044697728,15.730480366798306,0.16940080633683935,0.16940155509076166,15.398238104698663,16.062722628897948,15.730250644774982,0.16947634015120716,15.730504169485314,0.16972555564775887,15.397417045620447,16.061364981866404
15.735646070950837,15.735322920899488,0.16954805705858378,0.16954880067681363,15.40279187038484,16.067853971414134,15.735477711355125,0.16973292066409615,15.735611753500066,0.1695397282161682,15.401541014675741,16.06732479654112
15.740454194826848,15.74013199230911,0.16969434402357506,0.16969508255870766,15.407314043463932,16.072949941154285,15.740221095839416,0.17005936274756342,15.740410775123475,0.1700089749600797,15.405708289848567,16.072629148606254
15.745229187159405,15.744907926828926,0.16983967657671448,0.16984041008063036,15.411804951411218,16.078010902246632,15.74518096773915,0.16989792972462195,15.745461815242752,0.17000356887378115,15.411734578971027,16.077471065156786
15.7499713889658,15.749651065518997,0.1699840639438542,0.16998479246773124,15.416264917193743,16.08303721384425,15.749658812290146,0.1700621765895954,15.749781404698686,0.17039151056093477,15.415542880306583,16.082000834649083
15.754681136602962,15.754361744778592,0.17012751523365885,0.17012823882798417,15.420694259347579,16.088029230209603,15.754298634705389,0.17032724352767384,15.754414207544134,0.17051594540055404,15.419754147798834,16.08648710015679
15.759358761846732,15.759040296425498,0.17027003943943372,0.17027075815401524,15.42509329205354,16.092987300797457,15.759160335611844,0.1701970175199996,15.759527604163473,0.1703470916937095,15.424741767410815,16.09182033589543
