"","COD_LINEA","ESTRATO","ESPECIE","LIT_LINEA","CANT_P_MA","AREAB","VCC","VSC","IAVC","VLE"
"1",1,1,21,"10",1.93,0.018167,0.0429989,0.0337791,0.0042098,0.0054936
"2",1,1,21,"15",0.48,0.0089833,0.0256257,0.0195477,0.0020441,0.0028557
"3",1,1,21,"35",0.21,0.0199797,0.1337205,0.116019,0.0036226,0.0071462
"4",2,1,21,"TOTALES",2.62,0.04713,0.2023451,0.1693458,0.0098765,0.0154955
"5",3,1,21,"S2 (X)",385.77,0.07,1.47,1.06,0,0
"6",1,1,24,"10",5.79,0.052013,0.1305162,0.0823755,0.0087146,0.0141827
"7",1,1,24,"15",3.38,0.058913,0.1616001,0.1114074,0.0071007,0.0178471
"8",1,1,24,"20",1.93,0.060328,0.1722355,0.1229273,0.0060247,0.0201217
"9",1,1,24,"25",1.07,0.0517377,0.1764037,0.12938,0.0057719,0.0185382
"10",1,1,24,"40",0.43,0.0544811,0.1438279,0.1111842,0.0031005,0.0229074
"11",2,1,24,"TOTALES",12.6,0.2774728,0.7845834,0.5572744,0.0307124,0.0935971
"12",3,1,24,"S2 (X)",6386.06,1.74,13.42,6.46,0.02,0.17
"13",1,1,25,"10",1.93,0.0091002,0.0161375,0.0123014,0.0009561,0.0017366
"14",1,1,25,"15",0.48,0.0101878,0.0404852,0.0271481,0.0022766,0.002647
"15",1,1,25,"30",0.21,0.015712,0.1070006,0.0801462,0.0027385,0.005274
"16",2,1,25,"TOTALES",2.62,0.035,0.1636233,0.1195957,0.0059712,0.0096576
"17",3,1,25,"S2 (X)",261.07,0.02,0.86,0.47,0,0
"18",1,1,26,"10",131.18,1.0972896,2.4966211,1.5168411,0.2436084,0.2412134
"19",1,1,26,"15",85.36,1.4636948,3.8252525,2.38029,0.3126881,0.3498908
"20",1,1,26,"20",44.37,1.3615252,4.6345666,3.0124108,0.2574456,0.3486392
"21",1,1,26,"25",28.72,1.3733806,5.562392,3.7920486,0.2159995,0.3712486
"22",1,1,26,"30",17.79,1.2288219,5.6604182,3.9705344,0.1749208,0.3466694
"23",1,1,26,"35",10.29,0.9781625,4.4675394,3.1850062,0.1281654,0.2900299
"24",1,1,26,"40",7.07,0.8688561,4.2862336,3.1060034,0.1191748,0.2659536
"25",1,1,26,"45",2.7,0.4280129,2.1182169,1.5550425,0.0596416,0.1368923
"26",1,1,26,"50",2.7,0.5237231,2.7639026,2.0654214,0.0834795,0.1717971
"27",1,1,26,"55",1.16,0.2667061,1.3837119,1.0430128,0.0432528,0.088776
"28",1,1,26,"60",0.69,0.1930755,1.1295788,0.8741576,0.0406854,0.0659669
"29",1,1,26,"65",0.39,0.1234426,0.7425215,0.5832392,0.028955,0.0424163
"30",1,1,26,"70",0.54,0.2141631,1.5407453,1.2750643,0.0786134,0.075817
"31",2,1,26,"TOTALES",332.96,10.120854,40.6117004,28.3590723,1.7866303,2.7953105
"32",3,1,26,"S2 (X)",167823.46,73.38,1915.32,981.38,3.02,5.74
"33",1,1,43,"10",3.86,0.0294865,0.0929135,0.0655231,0.0058326,0.0124453
"34",1,1,43,"15",5.31,0.09347,0.3047291,0.2291822,0.0110841,0.0440827
"35",1,1,43,"20",0.48,0.0132458,0.0424724,0.0324726,0.0012397,0.0066179
"36",2,1,43,"TOTALES",9.65,0.1362023,0.440115,0.3271779,0.0181564,0.0631459
"37",3,1,43,"S2 (X)",6140.67,1.22,12.78,7.06,0.02,0.26
"38",1,1,45,"10",19.29,0.1296758,0.2693323,0.1908685,0,0.0689108
"39",1,1,45,"15",0.96,0.0176742,0.0315211,0.0240995,0,0.0125623
"40",1,1,45,"20",0.48,0.0131045,0.0243871,0.0196064,0,0.0102465
"41",1,1,45,"25",0.21,0.0086367,0.0148647,0.0120156,0,0.0075495
"42",2,1,45,"TOTALES",20.94,0.1690912,0.3401052,0.24659,0,0.0992691
"43",3,1,45,"S2 (X)",11215.3,0.5,2.19,1.11,0,0.15
"44",1,1,99,"10",1.93,0.011867,0.0127733,0.0019292,0.0111983,0.0033878
"45",2,1,99,"TOTALES",1.93,0.011867,0.0127733,0.0019292,0.0111983,0.0033878
"46",3,1,99,"S2 (X)",245.62,0,0.01,0,0,0
"47",4,1,0,"10",165.91,1.3475991,3.0612928,1.9036179,0.2745198,0.3473702
"48",4,1,0,"15",95.97,1.6529231,4.3892137,2.7916749,0.3351936,0.4298856
"49",4,1,0,"20",47.26,1.4482035,4.8736616,3.1874171,0.26471,0.3856253
"50",4,1,0,"25",30,1.433755,5.7536604,3.9334442,0.2217714,0.3973363
"51",4,1,0,"30",18,1.2445339,5.7674188,4.0506806,0.1776593,0.3519434
"52",4,1,0,"35",10.5,0.9981422,4.6012599,3.3010252,0.131788,0.2971761
"53",4,1,0,"40",7.5,0.9233372,4.4300615,3.2171876,0.1222753,0.288861
"54",4,1,0,"45",2.7,0.4280129,2.1182169,1.5550425,0.0596416,0.1368923
"55",4,1,0,"50",2.7,0.5237231,2.7639026,2.0654214,0.0834795,0.1717971
"56",4,1,0,"55",1.16,0.2667061,1.3837119,1.0430128,0.0432528,0.088776
"57",4,1,0,"60",0.69,0.1930755,1.1295788,0.8741576,0.0406854,0.0659669
"58",4,1,0,"65",0.39,0.1234426,0.7425215,0.5832392,0.028955,0.0424163
"59",4,1,0,"70",0.54,0.2141631,1.5407453,1.2750643,0.0786134,0.075817
"60",5,1,0,"TOTALES",383.32,10.7976173,42.5552457,29.7809853,1.8625451,3.0798635
"61",6,1,0,"S2 (X)",175384.83,73.45,1931.05,994.34,3.04,6.1
"62",1,2,21,"10",55.93,0.5288649,1.5156447,1.1636594,0.1416794,0.160301
"63",1,2,21,"15",92.81,1.6366161,6.0547688,4.778571,0.4485378,0.5188901
"64",1,2,21,"20",33.02,0.9649466,4.0962357,3.339508,0.2369086,0.31726
"65",1,2,21,"25",6.74,0.3174869,1.7721649,1.4898179,0.0779725,0.1080654
"66",1,2,21,"30",3.17,0.2255204,1.4296343,1.2252636,0.0487963,0.0791024
"67",1,2,21,"35",0.53,0.0521004,0.3974827,0.348044,0.0085334,0.0187133
"68",1,2,21,"45",0.05,0.0068641,0.0535627,0.0479924,0.0003615,0.0025348
"69",2,2,21,"TOTALES",192.25,3.7323994,15.3194938,12.3928563,0.9627895,1.204867
"70",3,2,21,"S2 (X)",131343.2,54.96,1371.79,942.15,3.82,5.89
"71",1,2,24,"10",5.95,0.0394425,0.0906587,0.0660513,0.0079812,0.0102762
"72",1,2,24,"15",1.19,0.0217808,0.0529173,0.0364458,0.0028117,0.0066622
"73",1,2,24,"20",0.3,0.0117234,0.0293024,0.0202965,0.0011869,0.0040603
"74",1,2,24,"25",0.13,0.0065421,0.0241952,0.0177526,0.0008437,0.0023528
"75",1,2,24,"30",0.13,0.0089451,0.0354338,0.0264208,0.0011276,0.0033882
"76",2,2,24,"TOTALES",7.7,0.0884339,0.2325074,0.166967,0.0139511,0.0267397
"77",3,2,24,"S2 (X)",1673.99,0.2,1.26,0.62,0,0.01
"78",1,2,25,"10",71.4,0.5859402,1.4650767,1.0035453,0.1356935,0.1263676
"79",1,2,25,"15",80.32,1.3681984,4.9793501,3.3221329,0.3482926,0.3415644
"80",1,2,25,"20",25.88,0.7688565,3.5470563,2.5029778,0.1504125,0.2148481
"81",1,2,25,"25",7.4,0.3424818,2.0430869,1.501755,0.0628408,0.1047446
"82",1,2,25,"30",1.98,0.13598,0.9049592,0.6764187,0.023699,0.0450761
"83",1,2,25,"35",0.53,0.0497153,0.3053644,0.2298442,0.0074825,0.0175752
"84",1,2,25,"40",0.4,0.0467038,0.3773107,0.2875626,0.0081979,0.0172846
"85",1,2,25,"45",0.1,0.0159646,0.1209844,0.0930066,0.0024393,0.0063552
"86",2,2,25,"TOTALES",188.01,3.3138406,13.7431887,9.6172431,0.7390581,0.8738158
"87",3,2,25,"S2 (X)",103873.63,32.55,700.72,350.63,1.64,2.34
"88",1,2,26,"10",69.02,0.6129106,1.4762342,0.8788435,0.1541128,0.1356472
"89",1,2,26,"15",105.01,1.847183,5.5543554,3.4142697,0.4588712,0.4430164
"90",1,2,26,"20",66.34,2.004633,7.259861,4.7215089,0.4079661,0.5128114
"91",1,2,26,"25",29.35,1.3799208,5.6290056,3.8356185,0.2203974,0.3718509
"92",1,2,26,"30",7.14,0.4830089,2.0414006,1.4241129,0.0658068,0.1359219
"93",1,2,26,"35",1.98,0.1816737,0.8114747,0.5761849,0.0233473,0.0530076
"94",1,2,26,"40",0.53,0.0615728,0.2844758,0.2045438,0.0078225,0.0184853
"95",1,2,26,"45",0.1,0.0145997,0.0534864,0.038547,0.0014691,0.0045313
"96",1,2,26,"50",0.05,0.0101474,0.0805657,0.0623368,0.0028847,0.003276
"97",1,2,26,"55",0.05,0.010501,0.0631962,0.0479124,0.0020254,0.0034042
"98",2,2,26,"TOTALES",279.57,6.6061509,23.2540556,15.2038784,1.3447033,1.6819522
"99",3,2,26,"S2 (X)",189348.54,96.4,1354.2,593.08,4.21,6.34
"100",1,2,45,"10",34.51,0.2232564,0.4318536,0.2995305,0,0.1182852
"101",1,2,45,"15",2.68,0.0411841,0.0836493,0.0644189,0,0.0275104
"102",2,2,45,"TOTALES",37.19,0.2644405,0.5155029,0.3639494,0,0.1457956
"103",3,2,45,"S2 (X)",16736.74,0.76,3.14,1.58,0,0.23
"104",1,2,58,"10",1.19,0.0088842,0.0214708,0.0011899,0.0206345,0.003034
"105",1,2,58,"15",0.3,0.0066731,0.0192871,0.0116003,0.0058064,0.0024985
"106",1,2,58,"20",0.59,0.0176968,0.0479457,0.0314558,0.0120426,0.0067885
"107",1,2,58,"25",0.13,0.007542,0.0208719,0.0159644,0.0031367,0.003053
"108",1,2,58,"30",0.13,0.0091906,0.0382426,0.0311107,0.0038849,0.0037824
"109",1,2,58,"35",0.13,0.0142543,0.0462704,0.0380636,0.0042161,0.0060856
"110",1,2,58,"50",0.05,0.0094208,0.036243,0.0303849,0.0022379,0.0042316
"111",1,2,58,"60",0.05,0.0144166,0.0436653,0.0365789,0.0024707,0.0067101
"112",2,2,58,"TOTALES",2.57,0.0880784,0.2739968,0.1963485,0.0544298,0.0361837
"113",3,2,58,"S2 (X)",296.39,0.33,3.41,2.03,0.11,0.05
"114",1,2,99,"15",0.59,0.0100143,0.0287978,0.0218863,0.0038812,0.0037638
"115",1,2,99,"20",0.3,0.0079533,0.0305305,0.024583,0.0022146,0.003342
"116",2,2,99,"TOTALES",0.89,0.0179676,0.0593283,0.0464693,0.0060958,0.0071058
"117",3,2,99,"S2 (X)",46.98,0.02,0.27,0.17,0,0
"118",4,2,0,"10",238,1.9992988,5.0009387,3.4128199,0.4601014,0.5539112
"119",4,2,0,"15",282.9,4.9316498,16.7731258,11.6493249,1.2682009,1.3439058
"120",4,2,0,"20",126.43,3.7758096,15.0109316,10.64033,0.8107313,1.0591103
"121",4,2,0,"25",43.75,2.0539736,9.4893245,6.8609084,0.3651911,0.5900667
"122",4,2,0,"30",12.55,0.862645,4.4496705,3.3833267,0.1433146,0.267271
"123",4,2,0,"35",3.17,0.2977437,1.5605922,1.1921367,0.0435793,0.0953817
"124",4,2,0,"40",0.93,0.1082766,0.6617865,0.4921064,0.0160204,0.0357699
"125",4,2,0,"45",0.25,0.0374284,0.2280335,0.179546,0.0042699,0.0134213
"126",4,2,0,"50",0.1,0.0195682,0.1168087,0.0927217,0.0051226,0.0075076
"127",4,2,0,"55",0.05,0.010501,0.0631962,0.0479124,0.0020254,0.0034042
"128",4,2,0,"60",0.05,0.0144166,0.0436653,0.0365789,0.0024707,0.0067101
"129",5,2,0,"TOTALES",708.18,14.1113113,53.3980735,37.987712,3.1210276,3.9764598
"130",6,2,0,"S2 (X)",265440.74,136.25,3031.38,1702.6,7.63,10.71
"131",1,3,21,"20",0.87,0.0235124,0.0655025,0.0522119,0.0050631,0.0076799
"132",1,3,21,"25",0.78,0.0392315,0.1732225,0.1446256,0.0082077,0.0134221
"133",1,3,21,"30",0.78,0.0559033,0.2603693,0.22062,0.0104936,0.0196284
"134",1,3,21,"35",0.19,0.0182742,0.0800312,0.0682985,0.0029274,0.0065417
"135",1,3,21,"40",0.19,0.0226193,0.1265691,0.1100408,0.0032718,0.0082246
"136",2,3,21,"TOTALES",2.81,0.1595407,0.7056946,0.5957968,0.0299636,0.0554967
"137",3,3,21,"S2 (X)",501.37,1.65,31.97,22.82,0.05,0.2
"138",1,3,24,"10",61.04,0.4611618,1.0900931,0.7930862,0.0879662,0.1226278
"139",1,3,24,"15",44.04,0.7852459,2.2374888,1.5553405,0.115295,0.2394007
"140",1,3,24,"20",20.06,0.5978171,2.0189653,1.4375657,0.0810422,0.1980576
"141",1,3,24,"25",6.2,0.300115,1.0548496,0.7726497,0.0361139,0.1076618
"142",1,3,24,"30",4.46,0.3024654,1.1367467,0.8483895,0.0352009,0.1147168
"143",1,3,24,"35",2.13,0.2010637,0.7761113,0.5894263,0.0216464,0.0804972
"144",1,3,24,"40",0.97,0.1127922,0.4861421,0.3728973,0.013415,0.0467475
"145",1,3,24,"45",0.14,0.0204561,0.0767159,0.0621817,0.0011597,0.0088075
"146",1,3,24,"50",0.07,0.0123892,0.0427809,0.033128,0.0011278,0.0055059
"147",1,3,24,"55",0.07,0.0159191,0.0400732,0.0325355,0.0007341,0.0073746
"148",1,3,24,"65",0.07,0.0244508,0.1479658,0.128424,0.0020319,0.0121613
"149",1,3,24,"70",0.14,0.0880985,0.5390177,0.532443,0.0017248,0.0485158
"150",2,3,24,"TOTALES",139.39,2.9219748,9.6469504,7.1580674,0.3974579,0.9920745
"151",3,3,24,"S2 (X)",70432.31,22.63,280.86,153.07,0.5,2.52
"152",1,3,25,"10",5.23,0.0349265,0.0722443,0.0520293,0.006133,0.0071973
"153",1,3,25,"15",3.05,0.055491,0.1540718,0.101931,0.0131751,0.0140433
"154",1,3,25,"20",2.62,0.0824389,0.3040153,0.2129105,0.0147432,0.023349
"155",1,3,25,"25",1.74,0.0757596,0.3125157,0.2245934,0.0115608,0.0228441
"156",1,3,25,"30",0.39,0.0234423,0.0929025,0.0677829,0.0030351,0.0075635
"157",1,3,25,"40",0.19,0.0241706,0.1914883,0.1460718,0.0041254,0.0090512
"158",2,3,25,"TOTALES",13.22,0.2962289,1.1272379,0.8053189,0.0527726,0.0840484
"159",3,3,25,"S2 (X)",3385.34,1.48,18.67,9.43,0.04,0.12
"160",1,3,26,"10",52.32,0.4075988,0.9042111,0.5600829,0.082529,0.0887213
"161",1,3,26,"15",25.73,0.4480295,1.2555358,0.7838236,0.0992327,0.1072993
"162",1,3,26,"20",27.47,0.8388303,3.2961372,2.1687386,0.1704572,0.2147184
"163",1,3,26,"25",13.37,0.6535893,2.7089574,1.8520925,0.1025421,0.1769586
"164",1,3,26,"30",11.43,0.8101447,3.6084624,2.5313415,0.1124278,0.229244
"165",1,3,26,"35",9.88,0.9466611,4.5842187,3.2782274,0.129951,0.2777397
"166",1,3,26,"40",5.23,0.6522616,3.359255,2.4402766,0.0931093,0.1975012
"167",1,3,26,"45",3,0.4650478,2.5079268,1.8494088,0.0718275,0.1445351
"168",1,3,26,"50",1.05,0.1968787,1.0211524,0.7591121,0.0299335,0.0626238
"169",1,3,26,"55",0.49,0.1142281,0.5813079,0.4378458,0.0180813,0.0372987
"170",1,3,26,"60",0.21,0.0573028,0.3506343,0.2715575,0.0126509,0.0190656
"171",1,3,26,"65",0.14,0.0462404,0.3311537,0.2679318,0.0151395,0.0162639
"172",2,3,26,"TOTALES",150.32,5.6368131,24.5089527,17.2004391,0.9378818,1.5719696
"173",3,3,26,"S2 (X)",63218.09,70.47,1652.68,826.33,2.1,5.65
"174",1,3,43,"15",1.31,0.0252734,0.0631516,0.0470872,0.0025275,0.012061
"175",2,3,43,"TOTALES",1.31,0.0252734,0.0631516,0.0470872,0.0025275,0.012061
"176",3,3,43,"S2 (X)",124.91,0.04,0.29,0.16,0,0.01
"177",1,3,45,"10",17.44,0.1346624,0.3021822,0.2218237,0,0.0743902
"178",1,3,45,"15",4.36,0.084083,0.1768294,0.1388609,0,0.0600384
"179",1,3,45,"20",1.31,0.0413537,0.0840963,0.0681637,0,0.0339456
"180",1,3,45,"25",1.16,0.056603,0.1427355,0.118101,0,0.052261
"181",2,3,45,"TOTALES",24.27,0.3167021,0.7058434,0.5469493,0,0.2206352
"182",3,3,45,"S2 (X)",13145.38,1.65,7.95,4.71,0,0.78
"183",1,3,58,"10",1.74,0.019726,0.0414539,0.0047781,0.0307135,0.0069746
"184",1,3,58,"15",2.62,0.0469952,0.1539785,0.0882211,0.0503408,0.0173012
"185",1,3,58,"20",1.74,0.0528726,0.2011239,0.1454353,0.0380397,0.0203133
"186",1,3,58,"35",0.19,0.0162752,0.0692547,0.0570306,0.0062379,0.0068047
"187",1,3,58,"45",0.07,0.0118991,0.0655769,0.0549208,0.0036682,0.0052786
"188",1,3,58,"70",0.07,0.0304943,0.1655499,0.1333822,0.005253,0.0146353
"189",2,3,58,"TOTALES",6.43,0.1782624,0.6969378,0.4837681,0.1342531,0.0713077
"190",3,3,58,"S2 (X)",2194.28,1.05,12.96,5.61,0.85,0.15
"191",1,3,99,"10",8.72,0.081671,0.1780446,0.1431273,0.0527027,0.0262019
"192",2,3,99,"TOTALES",8.72,0.081671,0.1780446,0.1431273,0.0527027,0.0262019
"193",3,3,99,"S2 (X)",5551.81,0.48,2.31,1.49,0.2,0.05
"194",4,3,0,"10",146.49,1.1397465,2.5882292,1.7749275,0.2600444,0.3261131
"195",4,3,0,"15",81.11,1.445118,4.0410559,2.7152643,0.2805711,0.4501439
"196",4,3,0,"20",54.07,1.636825,5.9698405,4.0850257,0.3093454,0.4980638
"197",4,3,0,"25",23.25,1.1252984,4.3922807,3.1120622,0.1584245,0.3731476
"198",4,3,0,"30",17.06,1.1919557,5.0984809,3.6681339,0.1611574,0.3711527
"199",4,3,0,"35",12.39,1.1822742,5.5096159,3.9929828,0.1607627,0.3715833
"200",4,3,0,"40",6.58,0.8118437,4.1634545,3.0692865,0.1139215,0.2615245
"201",4,3,0,"45",3.21,0.497403,2.6502196,1.9665113,0.0766554,0.1586212
"202",4,3,0,"50",1.12,0.2092679,1.0639333,0.7922401,0.0310613,0.0681297
"203",4,3,0,"55",0.56,0.1301472,0.6213811,0.4703813,0.0188154,0.0446733
"204",4,3,0,"60",0.21,0.0573028,0.3506343,0.2715575,0.0126509,0.0190656
"205",4,3,0,"65",0.21,0.0706912,0.4791195,0.3963558,0.0171714,0.0284252
"206",4,3,0,"70",0.21,0.1185928,0.7045676,0.6658252,0.0069778,0.0631511
"207",5,3,0,"TOTALES",346.47,9.6164664,37.632813,26.9805541,1.6075592,3.033795
"208",6,3,0,"S2 (X)",121280.25,74.32,1712.39,873.32,3.3,7.36
"209",1,4,21,"10",53.87,0.4563481,1.1218175,0.868465,0.1053846,0.137258
"210",1,4,21,"15",47.13,0.7942219,2.4985604,1.9672154,0.209297,0.2510036
"211",1,4,21,"20",18.98,0.5613722,2.1985538,1.7842863,0.1299148,0.1847538
"212",1,4,21,"25",10.07,0.4856089,2.0786846,1.7316071,0.0993218,0.1656191
"213",1,4,21,"30",6.53,0.4650703,2.0968303,1.7761122,0.0845244,0.1631729
"214",1,4,21,"35",2.72,0.2509841,1.2089741,1.0380425,0.0397758,0.0897127
"215",1,4,21,"40",1.09,0.1421691,0.5594989,0.4831378,0.0165976,0.0521266
"216",1,4,21,"45",0.2,0.0289489,0.0976334,0.083997,0.0031222,0.0107099
"217",2,4,21,"TOTALES",140.59,3.1847235,11.860553,9.7328633,0.6879382,1.0543566
"218",3,4,21,"S2 (X)",148845.65,52.43,884.4,605.15,2.81,5.69
"219",1,4,24,"15",0.61,0.0080005,0.0186768,0.0132381,0.0011942,0.002308
"220",1,4,24,"20",0.61,0.0219145,0.052886,0.0378195,0.0017187,0.0074701
"221",1,4,24,"25",1.9,0.1023448,0.3673496,0.2706362,0.0122348,0.0373394
"222",1,4,24,"30",0.54,0.0432926,0.2865501,0.220128,0.0078421,0.0168458
"223",1,4,24,"35",0.27,0.0263999,0.0811178,0.0607507,0.0025206,0.010615
"224",1,4,24,"40",0.54,0.064667,0.1809861,0.1375,0.0047934,0.0268898
"225",1,4,24,"45",0.39,0.0608942,0.2910482,0.2310215,0.0066889,0.0264771
"226",1,4,24,"50",0.1,0.0190391,0.0624475,0.0484625,0.0016296,0.008589
"227",2,4,24,"TOTALES",4.96,0.3465526,1.3410621,1.0195565,0.0386223,0.1365342
"228",3,4,24,"S2 (X)",956.32,4.1,49.21,28.13,0.04,0.62
"229",1,4,25,"10",46.52,0.356696,0.8333018,0.5780115,0.0765871,0.0763968
"230",1,4,25,"15",55.09,0.9535238,3.1287422,2.0728719,0.232099,0.2389672
"231",1,4,25,"20",34.28,1.0681322,4.1143756,2.8858446,0.1966776,0.301438
"232",1,4,25,"25",26.39,1.2637935,5.6055859,4.0682248,0.19266,0.3893002
"233",1,4,25,"30",15.78,1.0827539,5.3144419,3.9362949,0.1525214,0.3589669
"234",1,4,25,"35",8.16,0.7451241,3.9944172,2.9921106,0.1024828,0.2617791
"235",1,4,25,"40",4.62,0.5598931,3.3353087,2.5257267,0.0771468,0.2084983
"236",1,4,25,"45",2.55,0.4065039,2.5754298,1.9675264,0.0548934,0.1602201
"237",1,4,25,"50",0.69,0.1382663,0.9096592,0.7007824,0.0180417,0.0571707
"238",1,4,25,"55",0.69,0.1680887,1.067193,0.8261924,0.0202847,0.0723675
"239",1,4,25,"60",0.29,0.085392,0.5690048,0.4433275,0.0102212,0.0380778
"240",1,4,25,"65",0.1,0.0316558,0.2315286,0.1818558,0.0038781,0.0144211
"241",1,4,25,"70",0.29,0.1824461,1.2085884,0.9933317,0.0125718,0.0959913
"242",2,4,25,"TOTALES",195.45,7.0422694,32.8875771,24.1721012,1.1500656,2.273595
"243",3,4,25,"S2 (X)",86597.41,90.05,3066.71,1729.76,2.72,10.29
"244",1,4,26,"10",2.45,0.0216076,0.0347445,0.0070736,0.0120054,0.004758
"245",1,4,26,"15",3.67,0.0721417,0.5201708,0.3484967,0.0237352,0.0175357
"246",1,4,26,"20",3.06,0.102085,0.6578621,0.4520282,0.0243528,0.0263924
"247",1,4,26,"25",4.62,0.2320997,1.9018242,1.3504735,0.0545855,0.0630315
"248",1,4,26,"30",5.99,0.4231271,3.3824095,2.4389308,0.093061,0.1197196
"249",1,4,26,"35",4.35,0.4206593,3.3355594,2.4448826,0.0934094,0.1235268
"250",1,4,26,"40",1.63,0.2071177,1.768815,1.3221031,0.052845,0.0628616
"251",1,4,26,"45",0.29,0.0477695,0.3855628,0.2921261,0.0123213,0.0149304
"252",1,4,26,"50",0.29,0.0549581,0.4467439,0.3424861,0.0152078,0.0174694
"253",1,4,26,"55",0.1,0.0250364,0.1940152,0.1524468,0.0075616,0.008261
"254",1,4,26,"60",0.1,0.0270045,0.2143563,0.1702622,0.0088578,0.0089918
"255",2,4,26,"TOTALES",26.55,1.6336066,12.8420637,9.3213097,0.3979428,0.4674782
"256",3,4,26,"S2 (X)",30424.84,135.07,8528.56,4511.11,7.74,11.13
"257",1,4,43,"50",0.1,0.0194237,0.0583059,0.046626,0.000332,0.0127027
"258",1,4,43,"60",0.2,0.0569741,0.1614427,0.1304938,0.0001788,0.0392564
"259",1,4,43,"65",0.1,0.032201,0.079693,0.0643714,9.79e-05,0.0225595
"260",1,4,43,"70",0.2,0.0807549,0.2169169,0.1774496,0.0001959,0.0583461
"261",2,4,43,"TOTALES",0.6,0.1893537,0.5163585,0.4189408,0.0008046,0.1328647
"262",3,4,43,"S2 (X)",17.95,1.86,13.86,9.12,0,0.91
"263",1,4,45,"10",7.35,0.0678179,0.1457857,0.1089742,0,0.0392956
"264",1,4,45,"15",6.73,0.1139397,0.2458889,0.1916625,0,0.078645
"265",1,4,45,"20",4.9,0.1418492,0.3282367,0.265524,0,0.1131908
"266",1,4,45,"25",1.36,0.0660846,0.1284925,0.1056349,0,0.0610171
"267",1,4,45,"30",0.82,0.0561197,0.0979357,0.0817492,0,0.0571256
"268",1,4,45,"70",0.1,0.0391056,0.0958964,0.0826682,0,0.0654146
"269",2,4,45,"TOTALES",21.26,0.4849167,1.0422359,0.836213,0,0.4146887
"270",3,4,45,"S2 (X)",9470.78,4.81,23.06,14.83,0,3.16
"271",4,4,0,"10",110.19,0.9024696,2.1356495,1.5625243,0.1939771,0.2577084
"272",4,4,0,"15",113.23,1.9418276,6.4120391,4.5934846,0.4663254,0.5884595
"273",4,4,0,"20",61.83,1.8953531,7.3519142,5.4255026,0.3526639,0.6332451
"274",4,4,0,"25",44.34,2.1499315,10.0819368,7.5265765,0.3588021,0.7163073
"275",4,4,0,"30",29.66,2.0703636,11.1781675,8.4532151,0.3379489,0.7158308
"276",4,4,0,"35",15.5,1.4431674,8.6200685,6.5357864,0.2381886,0.4856336
"277",4,4,0,"40",7.88,0.9738469,5.8446087,4.4684676,0.1513828,0.3503763
"278",4,4,0,"45",3.43,0.5441165,3.3496742,2.574671,0.0770258,0.2123375
"279",4,4,0,"50",1.18,0.2316872,1.4771565,1.138357,0.0352111,0.0959318
"280",4,4,0,"55",0.79,0.1931251,1.2612082,0.9786392,0.0278463,0.0806285
"281",4,4,0,"60",0.59,0.1693706,0.9448038,0.7440835,0.0192578,0.086326
"282",4,4,0,"65",0.2,0.0638568,0.3112216,0.2462272,0.003976,0.0369806
"283",4,4,0,"70",0.59,0.3023066,1.5214017,1.2534495,0.0127677,0.219752
"284",5,4,0,"TOTALES",389.41,12.8814225,60.4898503,45.5009845,2.2753735,4.4795174
"285",6,4,0,"S2 (X)",202055.13,219.09,11240.29,6156.1,10.93,25.62
"286",1,5,21,"10",154.75,1.2819934,2.8140077,2.166964,0.2731104,0.3849731
"287",1,5,21,"15",87.66,1.4173776,4.092308,3.2243405,0.3612216,0.4465152
"288",1,5,21,"20",14.69,0.4323962,1.5081832,1.2200244,0.0977105,0.1422349
"289",1,5,21,"25",1.31,0.0553343,0.2024124,0.1665522,0.0108217,0.0186842
"290",2,5,21,"TOTALES",258.41,3.1871015,8.6169113,6.7778811,0.7428642,0.9924074
"291",3,5,21,"S2 (X)",199716.17,30.43,252.3,158.19,1.75,2.96
"292",1,5,24,"25",0.22,0.0099283,0.0385351,0.0282325,0.0013552,0.0035229
"293",2,5,24,"TOTALES",0.22,0.0099283,0.0385351,0.0282325,0.0013552,0.0035229
"294",3,5,24,"S2 (X)",3.07,0,0.09,0.05,0,0
"295",1,5,25,"10",162.58,1.2148396,2.7138736,1.8660748,0.2686366,0.2572233
"296",1,5,25,"15",70.52,1.1828303,3.8006038,2.5461562,0.2918153,0.2944217
"297",1,5,25,"20",19.59,0.5791472,2.3603203,1.6534264,0.1102812,0.1617052
"298",1,5,25,"25",9.79,0.4704452,1.8944481,1.3675104,0.0676936,0.1449688
"299",1,5,25,"30",3.7,0.2595136,1.1852609,0.8753745,0.0347512,0.0864275
"300",1,5,25,"35",2.83,0.2633911,1.0951989,0.814237,0.0301703,0.0929335
"301",1,5,25,"40",0.65,0.0792971,0.330873,0.248084,0.0084088,0.0295495
"302",1,5,25,"45",0.55,0.0858503,0.4203186,0.3186859,0.0095961,0.0336923
"303",1,5,25,"50",0.08,0.0154155,0.0508172,0.0383369,0.0012135,0.0063405
"304",2,5,25,"TOTALES",270.29,4.1507299,13.8517144,9.7278861,0.8225666,1.1072623
"305",3,5,25,"S2 (X)",199228.8,44.37,698.49,341.82,2.07,3.23
"306",1,5,26,"10",3.92,0.0259829,0.0537709,0.0337385,0.0045251,0.0055411
"307",1,5,26,"15",0.49,0.0066509,0.0148963,0.0094666,0.0012184,0.0015424
"308",1,5,26,"20",0.49,0.0172047,0.0470851,0.0301321,0.0029385,0.0044726
"309",2,5,26,"TOTALES",4.9,0.0498385,0.1157523,0.0733372,0.008682,0.0115561
"310",3,5,26,"S2 (X)",1273.82,0.08,0.44,0.17,0,0
"311",1,5,45,"10",35.26,0.2745523,0.467123,0.3277553,0,0.1521042
"312",1,5,45,"15",9.3,0.1550576,0.2966198,0.2292031,0,0.1060328
"313",1,5,45,"20",1.47,0.0412964,0.0691582,0.0538263,0,0.0326056
"314",1,5,45,"25",0.22,0.0088471,0.0234439,0.0193304,0,0.0077528
"315",1,5,45,"50",0.08,0.015539,0.0403281,0.0342142,0,0.0213235
"316",2,5,45,"TOTALES",46.33,0.4952924,0.896673,0.6643293,0,0.3198189
"317",3,5,45,"S2 (X)",35536.42,3.39,10.8,5.88,0,1.32
"318",1,5,58,"10",5.88,0.0443313,0.1253444,0.0189031,0.1028075,0.0152266
"319",2,5,58,"TOTALES",5.88,0.0443313,0.1253444,0.0189031,0.1028075,0.0152266
"320",3,5,58,"S2 (X)",2244.65,0.12,1.02,0.02,0.68,0.01
"321",4,5,0,"10",362.39,2.8416995,6.1741196,4.4134357,0.6490796,0.8150683
"322",4,5,0,"15",167.97,2.7619164,8.2044279,6.0091664,0.6542553,0.8485121
"323",4,5,0,"20",36.24,1.0700445,3.9847468,2.9574092,0.2109302,0.3410183
"324",4,5,0,"25",11.54,0.5445549,2.1588395,1.5816255,0.0798705,0.1749287
"325",4,5,0,"30",3.7,0.2595136,1.1852609,0.8753745,0.0347512,0.0864275
"326",4,5,0,"35",2.83,0.2633911,1.0951989,0.814237,0.0301703,0.0929335
"327",4,5,0,"40",0.65,0.0792971,0.330873,0.248084,0.0084088,0.0295495
"328",4,5,0,"45",0.55,0.0858503,0.4203186,0.3186859,0.0095961,0.0336923
"329",4,5,0,"50",0.16,0.0309545,0.0911453,0.0725511,0.0012135,0.027664
"330",5,5,0,"TOTALES",586.03,7.9372219,23.6449305,17.2905693,1.6782755,2.4497942
"331",6,5,0,"S2 (X)",354815.91,62.35,825.54,426.96,4.28,5.68
"332",1,6,21,"10",44.83,0.3427862,0.7135922,0.5559751,0.0635883,0.1024433
"333",1,6,21,"15",0.9,0.0132521,0.0319456,0.0253401,0.0032087,0.0041436
"334",1,6,21,"35",0.2,0.0218312,0.071963,0.0611151,0.0028189,0.0079014
"335",1,6,21,"40",0.2,0.0274086,0.1067812,0.0920493,0.0033002,0.0100867
"336",1,6,21,"50",0.07,0.0134993,0.0602796,0.0530664,0.0010923,0.0050832
"337",2,6,21,"TOTALES",46.2,0.4187774,0.9845616,0.787546,0.0740084,0.1296582
"338",3,6,21,"S2 (X)",37829.49,2.76,15.52,10,0.1,0.26
"339",1,6,24,"10",17.93,0.1242697,0.2899234,0.2117638,0.0243006,0.0323892
"340",1,6,24,"15",9.41,0.1652685,0.4663467,0.3239483,0.0247782,0.0502016
"341",1,6,24,"20",3.59,0.1056873,0.3196972,0.2263167,0.0130557,0.0349379
"342",1,6,24,"25",0.6,0.0267948,0.0961824,0.0701702,0.0034689,0.0094823
"343",1,6,24,"45",0.07,0.0107835,0.053608,0.0419989,0.0013387,0.0046619
"344",1,6,24,"55",0.07,0.0155579,0.0986075,0.0811427,0.0019266,0.007147
"345",2,6,24,"TOTALES",31.67,0.4483617,1.3243652,0.9553406,0.0688687,0.1388199
"346",3,6,24,"S2 (X)",11811.2,2.06,19.54,9.94,0.05,0.19
"347",1,6,25,"10",53.8,0.3638362,0.7140294,0.5162918,0.0593064,0.075478
"348",1,6,25,"15",2.24,0.0336985,0.0847464,0.0585178,0.008455,0.0081725
"349",1,6,25,"20",0.45,0.0140845,0.0392786,0.0264851,0.0021497,0.003971
"350",1,6,25,"25",0.4,0.0222038,0.0659405,0.0471381,0.0025352,0.0070464
"351",2,6,25,"TOTALES",56.89,0.433823,0.9039949,0.6484328,0.0724463,0.0946679
"352",3,6,25,"S2 (X)",20280.57,1.08,4.88,2.49,0.03,0.05
"353",1,6,26,"10",30.49,0.2366978,0.4986356,0.3141678,0.0418912,0.051599
"354",1,6,26,"15",10.76,0.1661005,0.3938221,0.2501688,0.0308558,0.0392201
"355",1,6,26,"20",1.34,0.0401933,0.1045832,0.0659572,0.0063487,0.0102494
"356",1,6,26,"25",0.4,0.0201371,0.0623739,0.0410216,0.0024419,0.0054732
"357",1,6,26,"30",0.2,0.0145578,0.0300918,0.0201424,0.0013606,0.0041325
"358",2,6,26,"TOTALES",43.19,0.4776865,1.0895066,0.6914578,0.0828982,0.1106742
"359",3,6,26,"S2 (X)",15396.85,1.9,9.99,4.03,0.05,0.1
"360",1,6,45,"10",1.79,0.0196111,0.0369347,0.0277313,0,0.0118524
"361",1,6,45,"15",1.34,0.0219643,0.041424,0.0316833,0,0.014977
"362",1,6,45,"20",3.14,0.104995,0.1851396,0.1483943,0,0.0873133
"363",1,6,45,"25",0.4,0.019649,0.0328343,0.0268672,0,0.0182963
"364",1,6,45,"30",0.6,0.0450432,0.0832598,0.0694752,0,0.0470223
"365",1,6,45,"35",0.2,0.0171974,0.0278555,0.0233911,0,0.018649
"366",2,6,45,"TOTALES",7.47,0.22846,0.4074479,0.3275424,0,0.1981103
"367",3,6,45,"S2 (X)",1261.79,1,3.24,2.09,0,0.75
"368",4,6,0,"10",148.84,1.087201,2.2531153,1.6259298,0.1890865,0.2737619
"369",4,6,0,"15",24.65,0.4002839,1.0182848,0.6896583,0.0672977,0.1167148
"370",4,6,0,"20",8.52,0.2649601,0.6486986,0.4671533,0.0215541,0.1364716
"371",4,6,0,"25",1.8,0.0887847,0.2573311,0.1851971,0.008446,0.0402982
"372",4,6,0,"30",0.8,0.059601,0.1133516,0.0896176,0.0013606,0.0511548
"373",4,6,0,"35",0.4,0.0390286,0.0998185,0.0845062,0.0028189,0.0265504
"374",4,6,0,"40",0.2,0.0274086,0.1067812,0.0920493,0.0033002,0.0100867
"375",4,6,0,"45",0.07,0.0107835,0.053608,0.0419989,0.0013387,0.0046619
"376",4,6,0,"50",0.07,0.0134993,0.0602796,0.0530664,0.0010923,0.0050832
"377",4,6,0,"55",0.07,0.0155579,0.0986075,0.0811427,0.0019266,0.007147
"378",5,6,0,"TOTALES",185.42,2.0071086,4.7098762,3.4103196,0.2982216,0.6719305
"379",6,6,0,"S2 (X)",86377.29,8.11,47.38,25.24,0.23,1.21
"380",1,7,24,"10",17.26,0.1274056,0.2951985,0.2175749,0.0241115,0.0336988
"381",1,7,24,"15",14.03,0.2563812,0.7546449,0.5214923,0.0380929,0.0784022
"382",1,7,24,"20",14.57,0.4788807,1.6571705,1.1904857,0.0629959,0.1612717
"383",1,7,24,"25",9.35,0.4552437,1.6417126,1.2034097,0.0560764,0.1635026
"384",1,7,24,"30",3.6,0.2491692,0.9958282,0.7444945,0.031032,0.0948144
"385",1,7,24,"35",0.24,0.0199528,0.0781641,0.058756,0.0023816,0.0078211
"386",1,7,24,"40",1.2,0.1516042,0.6273497,0.4823009,0.01713,0.0637341
"387",1,7,24,"45",0.35,0.0563034,0.2273001,0.1768006,0.0058715,0.0246721
"388",1,7,24,"50",0.09,0.0182267,0.0533635,0.0436976,0.0009514,0.0083359
"389",2,7,24,"TOTALES",60.69,1.8131675,6.3307321,4.6390122,0.2386432,0.6362529
"390",3,7,24,"S2 (X)",15184.26,11.25,156.81,84.18,0.21,1.37
"391",1,7,25,"10",28.05,0.2250458,0.4596234,0.3268237,0.0414334,0.0482513
"392",1,7,25,"15",24.82,0.441525,1.3983946,0.930033,0.1023936,0.1112743
"393",1,7,25,"20",24.82,0.7727539,3.1103282,2.1795382,0.1388638,0.2180432
"394",1,7,25,"25",23.26,1.1058122,5.0237012,3.6479179,0.1711086,0.3400589
"395",1,7,25,"30",12.47,0.8622127,4.2507999,3.1467248,0.1219963,0.2863731
"396",1,7,25,"35",5.75,0.5562917,3.0029406,2.2529782,0.0757773,0.1978189
"397",1,7,25,"40",1.92,0.2373854,1.3836347,1.0470967,0.0321168,0.0887948
"398",1,7,25,"45",0.78,0.11984,0.592644,0.4491261,0.0135726,0.0468959
"399",1,7,25,"50",0.35,0.0687593,0.4270972,0.3279355,0.008693,0.0283608
"400",1,7,25,"55",0.17,0.0387401,0.2747267,0.2125477,0.0052379,0.0163718
"401",1,7,25,"70",0.09,0.0317193,0.1616741,0.1258003,0.0029365,0.0148367
"402",2,7,25,"TOTALES",122.48,4.4600854,20.0855646,14.6465221,0.7141298,1.3970797
"403",3,7,25,"S2 (X)",21542.35,27.44,693.76,372.51,0.75,2.74
"404",1,7,26,"15",0.54,0.0080695,0.0181832,0.0115591,0.0014656,0.0018932
"405",1,7,26,"20",1.08,0.0310705,0.0987382,0.0628631,0.0064246,0.007897
"406",1,7,26,"25",0.24,0.0104888,0.0442535,0.0300642,0.0017675,0.0027995
"407",2,7,26,"TOTALES",1.86,0.0496288,0.1611749,0.1044864,0.0096577,0.0125897
"408",3,7,26,"S2 (X)",67.87,0.05,0.83,0.36,0,0
"409",1,7,45,"10",53.95,0.4018354,0.7846743,0.5601967,0,0.220826
"410",1,7,45,"15",28.59,0.4792108,1.0276325,0.8002807,0,0.3291413
"411",1,7,45,"20",5.93,0.185642,0.3766477,0.3030397,0,0.1517319
"412",1,7,45,"25",6.23,0.3002422,0.6588879,0.5433967,0,0.2766232
"413",1,7,45,"30",4.32,0.2979873,0.6351486,0.5303522,0,0.3037608
"414",1,7,45,"35",0.72,0.0639252,0.1775065,0.1492055,0,0.0699091
"415",1,7,45,"45",0.17,0.0280103,0.0943714,0.0801752,0,0.0363149
"416",1,7,45,"60",0.17,0.0475611,0.1219285,0.1048138,0,0.0716277
"417",2,7,45,"TOTALES",100.08,1.8044143,3.8767974,3.0714605,0,1.4599349
"418",3,7,45,"S2 (X)",32323.05,11.16,61.17,40.29,0,8.52
"419",4,7,0,"10",99.26,0.7542868,1.5394962,1.1045953,0.0655449,0.3027761
"420",4,7,0,"15",67.98,1.1851865,3.1988552,2.2633651,0.1419521,0.520711
"421",4,7,0,"20",46.4,1.4683471,5.2428846,3.7359267,0.2082843,0.5389438
"422",4,7,0,"25",39.08,1.8717869,7.3685552,5.4247885,0.2289525,0.7829842
"423",4,7,0,"30",20.39,1.4093692,5.8817767,4.4215715,0.1530283,0.6849483
"424",4,7,0,"35",6.71,0.6401697,3.2586112,2.4609397,0.0781589,0.2755491
"425",4,7,0,"40",3.12,0.3889896,2.0109844,1.5293976,0.0492468,0.1525289
"426",4,7,0,"45",1.3,0.2041537,0.9143155,0.7061019,0.0194441,0.1078829
"427",4,7,0,"50",0.44,0.086986,0.4804607,0.3716331,0.0096444,0.0366967
"428",4,7,0,"55",0.17,0.0387401,0.2747267,0.2125477,0.0052379,0.0163718
"429",4,7,0,"60",0.17,0.0475611,0.1219285,0.1048138,0,0.0716277
"430",4,7,0,"70",0.09,0.0317193,0.1616741,0.1258003,0.0029365,0.0148367
"431",5,7,0,"TOTALES",285.11,8.127296,30.454269,22.4614812,0.9624307,3.5058572
"432",6,7,0,"S2 (X)",53483.24,35.07,708.57,386.7,0.72,10.11
"433",1,8,24,"10",17.14,0.1687751,0.40375,0.2873925,0.0283972,0.0465168
"434",1,8,24,"15",19.59,0.3209462,0.8514326,0.5907499,0.0467801,0.0964191
"435",1,8,24,"20",9.18,0.2881542,1.0508698,0.7541156,0.0400563,0.0963006
"436",1,8,24,"25",7.89,0.3940263,1.4741046,1.0838746,0.0495503,0.1421045
"437",1,8,24,"30",5.17,0.3635024,1.5025754,1.1254183,0.0464503,0.1386504
"438",1,8,24,"35",2.18,0.1904893,0.6764876,0.5094641,0.019679,0.075308
"439",1,8,24,"40",0.82,0.0962707,0.352448,0.270063,0.0093345,0.0399839
"440",1,8,24,"45",0.59,0.0937978,0.3517152,0.2750395,0.0085218,0.0409649
"441",1,8,24,"50",0.1,0.0176126,0.0964304,0.0770212,0.0021976,0.0078436
"442",1,8,24,"60",0.1,0.0256101,0.1340072,0.11022,0.0026252,0.0121348
"443",1,8,24,"65",0.1,0.0343252,0.1857951,0.1587621,0.0028696,0.0170726
"444",2,8,24,"TOTALES",62.86,1.9935099,7.0796159,5.2421208,0.2564619,0.7132992
"445",3,8,24,"S2 (X)",12029.05,11.24,177.35,98.17,0.2,1.49
"446",1,8,25,"10",26.93,0.2137542,0.4819926,0.3408929,0.044461,0.0457867
"447",1,8,25,"15",27.55,0.461637,1.5677256,1.0309567,0.1167787,0.1148134
"448",1,8,25,"20",23.87,0.7551795,3.0795498,2.1655956,0.1366263,0.2137259
"449",1,8,25,"25",10.61,0.5222345,2.1382824,1.5494622,0.0743312,0.1617138
"450",1,8,25,"30",5.98,0.4091819,1.9344949,1.4292575,0.056534,0.1355092
"451",1,8,25,"35",1.09,0.0987028,0.556553,0.4172338,0.0141365,0.0346236
"452",1,8,25,"40",1.09,0.1348676,0.6637774,0.5006636,0.0159824,0.0504839
"453",1,8,25,"45",0.2,0.0307439,0.1678072,0.1275617,0.0037353,0.0120779
"454",1,8,25,"50",0.2,0.0352271,0.1391956,0.1053036,0.0032421,0.0142241
"455",1,8,25,"60",0.1,0.0255214,0.0942848,0.0718722,0.0020441,0.0111223
"456",2,8,25,"TOTALES",97.62,2.6870499,10.8236633,7.7387998,0.4678716,0.7940808
"457",3,8,25,"S2 (X)",32144.72,19.42,370.3,192.66,0.63,1.71
"458",1,8,26,"10",7.35,0.055952,0.115906,0.0577845,0.0191241,0.0122368
"459",1,8,26,"15",0.61,0.0140582,0.0325397,0.020647,0.0023556,0.0034726
"460",2,8,26,"TOTALES",7.96,0.0700102,0.1484457,0.0784315,0.0214797,0.0157094
"461",3,8,26,"S2 (X)",1862.51,0.12,0.57,0.15,0.01,0
"462",1,8,43,"15",0.61,0.0096942,0.0247511,0.0182556,0.0011042,0.0044936
"463",2,8,43,"TOTALES",0.61,0.0096942,0.0247511,0.0182556,0.0011042,0.0044936
"464",3,8,43,"S2 (X)",19.48,0,0.03,0.01,0,0
"465",1,8,45,"10",80.8,0.5758808,1.0539051,0.7371895,0,0.3121176
"466",1,8,45,"15",48.36,0.8264235,1.6723309,1.3015208,0,0.5704461
"467",1,8,45,"20",7.35,0.2170861,0.4056093,0.3225165,0,0.1743991
"468",1,8,45,"25",3.54,0.1770795,0.3749765,0.3094634,0,0.1647329
"469",1,8,45,"30",0.54,0.0355087,0.0846746,0.0706125,0,0.0355782
"470",1,8,45,"45",0.1,0.0161358,0.0475426,0.040289,0,0.0210104
"471",1,8,45,"55",0.1,0.0248611,0.0410488,0.0351977,0,0.0365838
"472",2,8,45,"TOTALES",140.79,1.8729755,3.6800878,2.8167894,0,1.3148681
"473",3,8,45,"S2 (X)",54158.75,8.82,38.16,23.12,0,4.76
"474",4,8,0,"10",132.22,1.0143621,2.0555537,1.4232594,0.0919823,0.4166579
"475",4,8,0,"15",96.72,1.6327591,4.1487799,2.96213,0.1670186,0.7896448
"476",4,8,0,"20",40.4,1.2604198,4.5360289,3.2422277,0.1766826,0.4844256
"477",4,8,0,"25",22.04,1.0933403,3.9873635,2.9428002,0.1238815,0.4685512
"478",4,8,0,"30",11.69,0.808193,3.5217449,2.6252883,0.1029843,0.3097378
"479",4,8,0,"35",3.27,0.2891921,1.2330406,0.9266979,0.0338155,0.1099316
"480",4,8,0,"40",1.91,0.2311383,1.0162254,0.7707266,0.0253169,0.0904678
"481",4,8,0,"45",0.89,0.1406775,0.567065,0.4428902,0.0122571,0.0740532
"482",4,8,0,"50",0.3,0.0528397,0.235626,0.1823248,0.0054397,0.0220677
"483",4,8,0,"55",0.1,0.0248611,0.0410488,0.0351977,0,0.0365838
"484",4,8,0,"60",0.2,0.0511315,0.228292,0.1820922,0.0046693,0.0232571
"485",4,8,0,"65",0.1,0.0343252,0.1857951,0.1587621,0.0028696,0.0170726
"486",5,8,0,"TOTALES",309.84,6.6332397,21.7565638,15.8943971,0.7469174,2.8424511
"487",6,8,0,"S2 (X)",95864.33,33.08,550.32,288.27,0.98,5.97
"488",1,9,24,"10",133.24,1.0109404,2.5700986,1.8525115,0.1993356,0.2683532
"489",1,9,24,"15",97.71,1.7399602,5.3300894,3.7046277,0.2624929,0.530159
"490",1,9,24,"20",54.78,1.7117852,6.1787644,4.4352095,0.2362222,0.571472
"491",1,9,24,"25",33.06,1.6112705,5.6540237,4.1491367,0.1876845,0.5787265
"492",1,9,24,"30",15.3,1.0438486,3.5653799,2.6559393,0.1081208,0.3962734
"493",1,9,24,"35",4.77,0.4420606,1.4953182,1.1317282,0.0410828,0.1765079
"494",1,9,24,"40",2.3,0.2915211,1.2797363,0.9917375,0.0332059,0.1225586
"495",1,9,24,"45",0.36,0.0565686,0.1935847,0.1515991,0.0045553,0.0246986
"496",1,9,24,"50",0.18,0.033339,0.1216116,0.0960045,0.0028301,0.0149556
"497",1,9,24,"55",0.24,0.0557856,0.1588245,0.1283438,0.0031614,0.0259861
"498",1,9,24,"60",0.06,0.0164664,0.0628899,0.0505373,0.0013912,0.007882
"499",1,9,24,"65",0.06,0.0191706,0.0509918,0.043698,0.0007824,0.0094105
"500",2,9,24,"TOTALES",342.06,8.0327168,26.661313,19.3910731,1.0808651,2.7269834
"501",3,9,24,"S2 (X)",155890.81,44.59,785.45,415.02,1.29,4.75
"502",1,9,25,"10",2.96,0.0214122,0.0442381,0.0316661,0.0038668,0.004505
"503",1,9,25,"15",2.59,0.0473182,0.1319294,0.0843282,0.0106525,0.0119703
"504",1,9,25,"20",1.48,0.0433032,0.1299207,0.0876222,0.0071033,0.0120444
"505",1,9,25,"25",0.33,0.0145816,0.0711981,0.0516905,0.0024254,0.0044139
"506",1,9,25,"30",0.16,0.0107907,0.0601163,0.0445974,0.0016885,0.0035402
"507",2,9,25,"TOTALES",7.52,0.1374059,0.4374026,0.2999044,0.0257365,0.0364738
"508",3,9,25,"S2 (X)",3433.82,0.89,7.5,3.44,0.03,0.05
"509",1,9,26,"10",2.96,0.0214331,0.0293637,0.002961,0.0143623,0.0046087
"510",1,9,26,"15",1.48,0.0248949,0.0666943,0.0381133,0.0072209,0.0059355
"511",1,9,26,"20",4.07,0.1289761,0.5009743,0.3306752,0.0252813,0.0331566
"512",1,9,26,"25",1.32,0.0600152,0.2673464,0.1828646,0.0101397,0.0161087
"513",1,9,26,"30",0.82,0.0582737,0.2655632,0.1865262,0.0082146,0.0164944
"514",1,9,26,"35",0.33,0.0334012,0.16851,0.1209194,0.0046675,0.0098679
"515",1,9,26,"45",0.12,0.0176874,0.090758,0.0664414,0.0025159,0.0054715
"516",1,9,26,"50",0.06,0.0120978,0.0656469,0.0491316,0.0019717,0.0038857
"517",2,9,26,"TOTALES",11.16,0.3567794,1.4548568,0.9776327,0.0743739,0.095529
"518",3,9,26,"S2 (X)",3328.78,4,76.48,35.69,0.15,0.28
"519",1,9,45,"10",16.29,0.1213679,0.2073788,0.1443528,0,0.0665676
"520",1,9,45,"15",4.44,0.078502,0.1573059,0.1239989,0,0.0548359
"521",1,9,45,"25",0.49,0.0240886,0.0460922,0.0379061,0,0.0222691
"522",1,9,45,"30",0.16,0.0131886,0.0222122,0.0184064,0,0.0140065
"523",2,9,45,"TOTALES",21.38,0.2371471,0.4329891,0.3246642,0,0.1576791
"524",3,9,45,"S2 (X)",6878.92,0.83,2.84,1.62,0,0.37
"525",1,9,99,"10",4.44,0.0257106,0.0449514,0.0160752,0.0260515,0.0072619
"526",2,9,99,"TOTALES",4.44,0.0257106,0.0449514,0.0160752,0.0260515,0.0072619
"527",3,9,99,"S2 (X)",1696.54,0.05,0.17,0.02,0.05,0
"528",4,9,0,"10",159.89,1.2008642,2.8960306,2.0475666,0.2436162,0.3512964
"529",4,9,0,"15",106.22,1.8906753,5.686019,3.9510681,0.2803663,0.6029007
"530",4,9,0,"20",60.33,1.8840645,6.8096594,4.8535069,0.2686068,0.616673
"531",4,9,0,"25",35.2,1.7099559,6.0386604,4.4215979,0.2002496,0.6215182
"532",4,9,0,"30",16.44,1.1261016,3.9132716,2.9054693,0.1180239,0.4303145
"533",4,9,0,"35",5.1,0.4754618,1.6638282,1.2526476,0.0457503,0.1863758
"534",4,9,0,"40",2.3,0.2915211,1.2797363,0.9917375,0.0332059,0.1225586
"535",4,9,0,"45",0.48,0.074256,0.2843427,0.2180405,0.0070712,0.0301701
"536",4,9,0,"50",0.24,0.0454368,0.1872585,0.1451361,0.0048018,0.0188413
"537",4,9,0,"55",0.24,0.0557856,0.1588245,0.1283438,0.0031614,0.0259861
"538",4,9,0,"60",0.06,0.0164664,0.0628899,0.0505373,0.0013912,0.007882
"539",4,9,0,"65",0.06,0.0191706,0.0509918,0.043698,0.0007824,0.0094105
"540",5,9,0,"TOTALES",386.56,8.7897598,29.0315129,21.0093496,1.207027,3.0239272
"541",6,9,0,"S2 (X)",162422.37,53.14,954.81,497.83,1.65,5.56
"542",1,10,24,"10",89.52,0.6452557,1.5082972,1.0438302,0.1247099,0.1700261
"543",1,10,24,"15",46.75,0.8125225,2.0582087,1.412437,0.100845,0.2465272
"544",1,10,24,"20",27.85,0.8705866,2.6316188,1.878542,0.0991146,0.2907892
"545",1,10,24,"25",17.24,0.8377987,2.7445743,2.0075954,0.0924977,0.3007405
"546",1,10,24,"30",9.06,0.6304733,2.2824339,1.70482,0.0689178,0.2401032
"547",1,10,24,"35",5.08,0.4859265,1.891409,1.4339656,0.0542595,0.194997
"548",1,10,24,"40",2.43,0.2862931,1.2747074,0.9795767,0.0348526,0.1189068
"549",1,10,24,"45",0.95,0.1466322,0.5121726,0.3973105,0.0130058,0.0636378
"550",1,10,24,"50",0.56,0.1086257,0.5173176,0.4115996,0.0120152,0.0490396
"551",1,10,24,"55",0.08,0.0202708,0.0951581,0.0772588,0.001998,0.0095633
"552",1,10,24,"60",0.24,0.0638841,0.2630676,0.2120613,0.0057289,0.0303877
"553",1,10,24,"70",0.08,0.0284768,0.1234321,0.102896,0.0022384,0.0142127
"554",2,10,24,"TOTALES",199.84,4.936746,15.9023973,11.6618931,0.6101834,1.7289311
"555",3,10,24,"S2 (X)",50189.37,23.95,329.92,183.91,0.39,3.12
"556",1,10,26,"20",0.99,0.0248239,0.0760956,0.0471759,0.0056931,0.0061936
"557",1,10,26,"25",0.66,0.0333134,0.1029139,0.069044,0.0045746,0.0090419
"558",1,10,26,"30",0.88,0.0638195,0.2193815,0.1518196,0.0075053,0.0180948
"559",1,10,26,"35",0.44,0.0368445,0.1439209,0.1010126,0.0044029,0.0106257
"560",1,10,26,"40",0.22,0.0268138,0.1074915,0.0769125,0.0029861,0.0080896
"561",1,10,26,"50",0.08,0.0161927,0.0878677,0.0657448,0.0026359,0.0051985
"562",1,10,26,"60",0.08,0.0206642,0.0955024,0.071869,0.0029458,0.0068313
"563",2,10,26,"TOTALES",3.35,0.222472,0.8331735,0.5835784,0.0307437,0.0640754
"564",3,10,26,"S2 (X)",170.92,0.96,14.29,7.14,0.01,0.08
"565",1,10,45,"10",1.99,0.0153139,0.0334303,0.0244303,0,0.0083799
"566",1,10,45,"15",2.98,0.0489862,0.0906315,0.0691926,0,0.0334049
"567",1,10,45,"20",0.99,0.0261387,0.0470665,0.0370998,0,0.0202718
"568",1,10,45,"25",0.88,0.0445803,0.0789033,0.0648859,0,0.0415808
"569",1,10,45,"30",0.44,0.027176,0.0591707,0.0492217,0,0.0267734
"570",1,10,45,"35",0.44,0.0379869,0.0682211,0.0574788,0,0.0411435
"571",1,10,45,"40",0.22,0.0285467,0.0502881,0.0427898,0,0.0346957
"572",1,10,45,"45",0.16,0.0253447,0.042976,0.0366774,0,0.0327155
"573",1,10,45,"55",0.08,0.0200578,0.0345961,0.0296712,0,0.0294568
"574",1,10,45,"60",0.08,0.0224252,0.0398761,0.034221,0,0.0339899
"575",1,10,45,"70",0.08,0.1226761,0.2019511,0.169688,0,0.3007591
"576",2,10,45,"TOTALES",8.34,0.4192325,0.7471108,0.6153565,0,0.6031713
"577",3,10,45,"S2 (X)",967.62,4.21,12.38,8.69,0,12.99
"578",1,10,99,"10",3.98,0.0345653,0.0486191,0.0216109,0.0234823,0.0108293
"579",1,10,99,"15",0.5,0.0069618,0.0095968,0.0057401,0.0029961,0.0024674
"580",2,10,99,"TOTALES",4.48,0.0415271,0.0582159,0.027351,0.0264784,0.0132967
"581",3,10,99,"S2 (X)",1282.34,0.11,0.21,0.04,0.04,0.01
"582",4,10,0,"10",95.49,0.6951349,1.5903466,1.0898714,0.1481922,0.1892353
"583",4,10,0,"15",50.23,0.8684705,2.158437,1.4873697,0.1038411,0.2823995
"584",4,10,0,"20",29.83,0.9215492,2.7547809,1.9628177,0.1048077,0.3172546
"585",4,10,0,"25",18.78,0.9156924,2.9263915,2.1415253,0.0970723,0.3513632
"586",4,10,0,"30",10.38,0.7214688,2.5609861,1.9058613,0.0764231,0.2849714
"587",4,10,0,"35",5.96,0.5607579,2.103551,1.592457,0.0586624,0.2467662
"588",4,10,0,"40",2.87,0.3416536,1.432487,1.099279,0.0378387,0.1616921
"589",4,10,0,"45",1.11,0.1719769,0.5551486,0.4339879,0.0130058,0.0963533
"590",4,10,0,"50",0.64,0.1248184,0.6051853,0.4773444,0.0146511,0.0542381
"591",4,10,0,"55",0.16,0.0403286,0.1297542,0.10693,0.001998,0.0390201
"592",4,10,0,"60",0.4,0.1069735,0.3984461,0.3181513,0.0086747,0.0712089
"593",4,10,0,"70",0.16,0.1511529,0.3253832,0.272584,0.0022384,0.3149718
"594",5,10,0,"TOTALES",216.01,5.6199776,17.5408975,12.888179,0.6674055,2.4094745
"595",6,10,0,"S2 (X)",55546.49,27.18,361.88,200.53,0.51,14.33
"596",1,11,24,"10",174.01,1.3480329,3.3766651,2.4510192,0.2624655,0.3597909
"597",1,11,24,"15",111.94,1.9379467,5.758964,3.9855579,0.2947831,0.5877091
"598",1,11,24,"20",58.36,1.7569774,5.9352763,4.2318198,0.234954,0.5829849
"599",1,11,24,"25",16.27,0.7622351,2.7372489,2.004363,0.0922177,0.2720597
"600",1,11,24,"30",5.66,0.3911679,1.4094431,1.0523322,0.0410008,0.1488231
"601",1,11,24,"35",0.94,0.0836684,0.3193495,0.2425844,0.0085575,0.0331622
"602",1,11,24,"40",0.47,0.0563307,0.1405367,0.1076631,0.0031304,0.0234543
"603",1,11,24,"45",0.08,0.0123268,0.0410695,0.031418,0.0011465,0.0052987
"604",2,11,24,"TOTALES",367.73,6.3486859,19.7185531,14.1067576,0.9382555,2.0132829
"605",3,11,24,"S2 (X)",183643.03,43.81,504.86,259.85,1.08,4.51
"606",1,11,25,"10",8.49,0.0513426,0.1234557,0.0884999,0.0107324,0.0103574
"607",1,11,25,"15",3.18,0.0535102,0.1942502,0.126767,0.013129,0.013322
"608",1,11,25,"20",1.59,0.0532712,0.1817791,0.127822,0.0096186,0.0152242
"609",2,11,25,"TOTALES",13.26,0.158124,0.499485,0.3430889,0.03348,0.0389036
"610",3,11,25,"S2 (X)",7531.8,0.77,8.4,3.99,0.03,0.04
"611",1,11,26,"10",2.12,0.0150416,0.0279109,0.0174956,0.0023553,0.0032262
"612",1,11,26,"15",0.53,0.0085204,0.0288458,0.0167503,0.0028756,0.0020162
"613",1,11,26,"20",0.53,0.0134251,0.0594277,0.0386994,0.0033064,0.0033551
"614",2,11,26,"TOTALES",3.18,0.0369871,0.1161844,0.0729453,0.0085373,0.0085975
"615",3,11,26,"S2 (X)",333.15,0.04,0.5,0.2,0,0
"616",1,11,45,"15",1.06,0.0202005,0.0521645,0.041887,0,0.0143412
"617",1,11,45,"20",0.53,0.0152004,0.0293425,0.0232466,0,0.0120651
"618",2,11,45,"TOTALES",1.59,0.0354009,0.081507,0.0651336,0,0.0264063
"619",3,11,45,"S2 (X)",151.98,0.07,0.39,0.25,0,0.04
"620",4,11,0,"10",184.62,1.4144171,3.5280317,2.5570147,0.2755532,0.3733745
"621",4,11,0,"15",116.71,2.0201778,6.0342245,4.1709622,0.3107877,0.6173885
"622",4,11,0,"20",61.01,1.8388741,6.2058256,4.4215878,0.247879,0.6136293
"623",4,11,0,"25",16.27,0.7622351,2.7372489,2.004363,0.0922177,0.2720597
"624",4,11,0,"30",5.66,0.3911679,1.4094431,1.0523322,0.0410008,0.1488231
"625",4,11,0,"35",0.94,0.0836684,0.3193495,0.2425844,0.0085575,0.0331622
"626",4,11,0,"40",0.47,0.0563307,0.1405367,0.1076631,0.0031304,0.0234543
"627",4,11,0,"45",0.08,0.0123268,0.0410695,0.031418,0.0011465,0.0052987
"628",5,11,0,"TOTALES",385.76,6.5791979,20.4157295,14.5879254,0.9802728,2.0871903
"629",6,11,0,"S2 (X)",212631.8,50.21,583.1,298.21,1.31,5.18
"630",1,12,24,"10",106.1,0.8172191,1.9235467,1.4063906,0.1538801,0.2176789
"631",1,12,24,"15",51.53,0.8883779,2.491997,1.7225382,0.1297116,0.2691665
"632",1,12,24,"20",31.07,0.9684193,2.9439253,2.0924108,0.1163964,0.3231943
"633",1,12,24,"25",14.82,0.7097219,2.444113,1.7902655,0.0833261,0.254117
"634",1,12,24,"30",6.4,0.4331283,1.4221392,1.0564088,0.0439282,0.1641786
"635",1,12,24,"35",1.35,0.1277948,0.5283756,0.4003412,0.01546,0.0512353
"636",1,12,24,"40",0.34,0.0461124,0.2104581,0.1631409,0.0055212,0.0196287
"637",1,12,24,"45",0.36,0.0546256,0.2322026,0.1804945,0.0060229,0.0236148
"638",2,12,24,"TOTALES",211.97,4.0453993,12.1967575,8.8119905,0.5542465,1.3228141
"639",3,12,24,"S2 (X)",59150.76,15.36,161.51,84.85,0.32,1.64
"640",1,12,26,"15",0.76,0.0100595,0.0224985,0.0142962,0.0018459,0.0023265
"641",1,12,26,"20",0.76,0.022172,0.0558824,0.0352874,0.0035114,0.0056386
"642",1,12,26,"25",1.01,0.0477026,0.1327284,0.0858167,0.0057411,0.0128584
"643",2,12,26,"TOTALES",2.53,0.0799341,0.2111093,0.1354003,0.0110984,0.0208235
"644",3,12,26,"S2 (X)",160.65,0.14,0.99,0.41,0,0
"645",1,12,45,"15",0.76,0.0106881,0.0166838,0.0126221,0,0.0069415
"646",2,12,45,"TOTALES",0.76,0.0106881,0.0166838,0.0126221,0,0.0069415
"647",3,12,45,"S2 (X)",24.12,0,0.01,0,0,0
"648",1,12,58,"10",9.09,0.0628523,0.1232072,0.0090946,0.155783,0.0213792
"649",1,12,58,"15",0.76,0.0100595,0.0207457,0.0044921,0.0134738,0.0036046
"650",1,12,58,"55",0.12,0.0267021,0.0839658,0.0703693,0.0054208,0.0121014
"651",2,12,58,"TOTALES",9.97,0.0996139,0.2279187,0.083956,0.1746776,0.0370852
"652",3,12,58,"S2 (X)",4075.13,0.24,1.14,0.21,1.2,0.03
"653",4,12,0,"10",115.19,0.8800714,2.0467539,1.4154852,0.3096631,0.2390581
"654",4,12,0,"15",53.81,0.919185,2.551925,1.7539486,0.1450313,0.2820391
"655",4,12,0,"20",31.83,0.9905913,2.9998077,2.1276982,0.1199078,0.3288329
"656",4,12,0,"25",15.83,0.7574245,2.5768414,1.8760822,0.0890672,0.2669754
"657",4,12,0,"30",6.4,0.4331283,1.4221392,1.0564088,0.0439282,0.1641786
"658",4,12,0,"35",1.35,0.1277948,0.5283756,0.4003412,0.01546,0.0512353
"659",4,12,0,"40",0.34,0.0461124,0.2104581,0.1631409,0.0055212,0.0196287
"660",4,12,0,"45",0.36,0.0546256,0.2322026,0.1804945,0.0060229,0.0236148
"661",4,12,0,"55",0.12,0.0267021,0.0839658,0.0703693,0.0054208,0.0121014
"662",5,12,0,"TOTALES",225.23,4.2356354,12.6524693,9.0439689,0.7400225,1.3876643
"663",6,12,0,"S2 (X)",57993.04,14.55,155.53,82.93,1.32,1.55
"664",1,13,21,"10",4.99,0.0468944,0.1152604,0.0906265,0.0113144,0.0141824
"665",1,13,21,"15",1.87,0.031454,0.0897117,0.0703162,0.0082455,0.0099253
"666",1,13,21,"20",0.62,0.0185442,0.0685617,0.0554402,0.0041222,0.0061001
"667",2,13,21,"TOTALES",7.48,0.0968926,0.2735338,0.2163829,0.0236821,0.0302078
"668",3,13,21,"S2 (X)",2860.83,0.47,3.81,2.38,0.02,0.04
"669",1,13,24,"15",3.74,0.0659579,0.1865729,0.1288594,0.0099779,0.0200346
"670",1,13,24,"20",0.62,0.0153573,0.0473776,0.0326445,0.0021496,0.0049197
"671",1,13,24,"25",0.83,0.0384351,0.175326,0.1295682,0.0058845,0.0136808
"672",1,13,24,"30",0.83,0.0583248,0.2218478,0.1661245,0.0065929,0.0222344
"673",1,13,24,"35",0.55,0.0524838,0.248085,0.1890828,0.0070505,0.0210173
"674",1,13,24,"40",0.28,0.0383396,0.2076035,0.1626604,0.0051822,0.0163459
"675",2,13,24,"TOTALES",6.85,0.2688985,1.0868128,0.8089398,0.0368376,0.0982327
"676",3,13,24,"S2 (X)",919.84,1.33,24.34,13.56,0.02,0.18
"677",1,13,25,"15",0.62,0.0084766,0.0224447,0.0154905,0.0022537,0.002011
"678",1,13,25,"25",1.66,0.0798149,0.3946026,0.2877754,0.0129457,0.0245767
"679",1,13,25,"30",1.94,0.127735,0.6488057,0.4798281,0.0187657,0.0419391
"680",1,13,25,"35",0.55,0.0472413,0.2463362,0.1838828,0.0065179,0.016355
"681",2,13,25,"TOTALES",4.77,0.2632678,1.3121892,0.9669768,0.040483,0.0848818
"682",3,13,25,"S2 (X)",923.54,2.66,66.33,35.99,0.06,0.27
"683",1,13,26,"25",0.28,0.0139452,0.0441898,0.0297032,0.0019306,0.0037847
"684",1,13,26,"30",0.28,0.0165959,0.0490081,0.0331937,0.0020087,0.0045993
"685",1,13,26,"35",0.28,0.0280784,0.1125784,0.0798637,0.0032321,0.0082889
"686",1,13,26,"40",0.28,0.0361775,0.1819227,0.1320853,0.0049788,0.0110101
"687",1,13,26,"45",0.4,0.060065,0.2340181,0.1689786,0.0064105,0.0185964
"688",1,13,26,"50",0.1,0.0176962,0.0853983,0.0628948,0.0024047,0.0055876
"689",1,13,26,"60",0.1,0.0293283,0.1473779,0.1126776,0.0049413,0.0098399
"690",2,13,26,"TOTALES",1.72,0.2018865,0.8544933,0.6193969,0.0259067,0.0617069
"691",3,13,26,"S2 (X)",63.34,0.83,14.02,7.29,0.01,0.07
"692",1,13,43,"10",17.48,0.1387687,0.3670678,0.2545978,0.0254231,0.0588496
"693",1,13,43,"15",15.6,0.2736208,0.9549718,0.7205376,0.0333551,0.1291187
"694",1,13,43,"20",6.24,0.1923895,0.6596293,0.507096,0.017615,0.0977381
"695",1,13,43,"25",3.61,0.1792757,0.6299905,0.490368,0.0130756,0.0971943
"696",1,13,43,"30",1.94,0.1298297,0.4986997,0.3912375,0.0083323,0.0732872
"697",1,13,43,"35",0.55,0.0516149,0.179414,0.1414938,0.0024754,0.0304587
"698",1,13,43,"40",0.55,0.0684623,0.2260464,0.179033,0.0025793,0.0419971
"699",1,13,43,"45",0.1,0.0162374,0.048663,0.0387069,0.0004335,0.0103356
"700",1,13,43,"50",0.2,0.0412458,0.1255959,0.1006339,0.0005641,0.0271239
"701",2,13,43,"TOTALES",46.27,1.0914448,3.6900784,2.8237045,0.1038534,0.5661032
"702",3,13,43,"S2 (X)",21967.97,13.73,171.15,100.99,0.12,3.78
"703",1,13,45,"10",149.79,1.0731591,2.0728352,1.4666192,0,0.5844151
"704",1,13,45,"15",39.94,0.6437745,1.3268017,1.0359411,0,0.437397
"705",1,13,45,"20",16.85,0.512961,0.9811967,0.7858582,0,0.4158332
"706",1,13,45,"25",5.55,0.2732645,0.5047635,0.4151751,0,0.2532864
"707",1,13,45,"30",2.77,0.1895254,0.3802719,0.316893,0,0.1926047
"708",1,13,45,"35",1.39,0.1343313,0.2309745,0.1950524,0,0.1506655
"709",1,13,45,"45",0.1,0.0151155,0.0264096,0.0225317,0,0.0192155
"710",1,13,45,"50",0.2,0.0397307,0.0679759,0.0581843,0,0.0546107
"711",2,13,45,"TOTALES",216.59,2.881862,5.591229,4.296255,0,2.1080281
"712",3,13,45,"S2 (X)",88796.24,12.1,46.34,27.24,0,6.54
"713",1,13,58,"15",3.74,0.0678033,0.1567438,0.0701009,0.0691047,0.0249797
"714",1,13,58,"20",0.62,0.0170501,0.0448895,0.0282377,0.0123856,0.0064897
"715",2,13,58,"TOTALES",4.36,0.0848534,0.2016333,0.0983386,0.0814903,0.0314694
"716",3,13,58,"S2 (X)",973.47,0.36,2.07,0.49,0.33,0.05
"717",1,13,99,"10",2.5,0.0153573,0.0290908,0.0123374,0.0147094,0.0043842
"718",1,13,99,"25",0.28,0.013671,0.0272444,0.0220961,0.0020444,0.0067473
"719",2,13,99,"TOTALES",2.78,0.0290283,0.0563352,0.0344335,0.0167538,0.0111315
"720",3,13,99,"S2 (X)",320.38,0.02,0.07,0.03,0.01,0
"721",4,13,0,"10",174.76,1.2741795,2.5842542,1.8241809,0.0514469,0.6618313
"722",4,13,0,"15",65.51,1.0910871,2.7372466,2.0412457,0.1229369,0.6234663
"723",4,13,0,"20",24.95,0.7563021,1.8016548,1.4092766,0.0362724,0.5310808
"724",4,13,0,"25",12.21,0.5984064,1.7761168,1.374686,0.0358808,0.3992702
"725",4,13,0,"30",7.76,0.5220108,1.7986332,1.3872768,0.0356996,0.3346647
"726",4,13,0,"35",3.32,0.3137497,1.0173881,0.7893755,0.0192759,0.2267854
"727",4,13,0,"40",1.11,0.1429794,0.6155726,0.4737787,0.0127403,0.0693531
"728",4,13,0,"45",0.6,0.0914179,0.3090907,0.2302172,0.006844,0.0481475
"729",4,13,0,"50",0.5,0.0986727,0.2789701,0.221713,0.0029688,0.0873222
"730",4,13,0,"60",0.1,0.0293283,0.1473779,0.1126776,0.0049413,0.0098399
"731",5,13,0,"TOTALES",290.82,4.9181339,13.066305,9.864428,0.3290069,2.9917614
"732",6,13,0,"S2 (X)",94954.98,23.17,268.73,153.68,0.81,7.93
"733",1,14,24,"45",0.1,0.0161305,0.0351195,0.0272322,0.0007482,0.007057
"734",2,14,24,"TOTALES",0.1,0.0161305,0.0351195,0.0272322,0.0007482,0.007057
"735",3,14,24,"S2 (X)",0.5,0.01,0.06,0.03,0,0
"736",1,14,43,"10",2.5,0.0228704,0.0867918,0.0633337,0.0042556,0.0098396
"737",1,14,43,"15",1.25,0.0192893,0.0615865,0.0459648,0.0024417,0.0089121
"738",1,14,43,"20",6.87,0.2225574,0.9665013,0.748922,0.0221406,0.1139286
"739",1,14,43,"25",5.27,0.2621128,1.2666628,0.9926523,0.0218552,0.142117
"740",1,14,43,"30",3.33,0.2245477,0.8503727,0.667569,0.0138533,0.12688
"741",1,14,43,"35",3.33,0.3263548,1.1443985,0.9042912,0.0144842,0.1939691
"742",1,14,43,"40",0.55,0.0679583,0.374376,0.3005135,0.0012689,0.0416323
"743",1,14,43,"45",0.5,0.0797754,0.2419828,0.1924683,0.0021597,0.0506738
"744",1,14,43,"50",0.3,0.0578802,0.1574833,0.1255195,0.0012108,0.0377323
"745",1,14,43,"55",0.1,0.0217828,0.0641038,0.051376,0.0002788,0.0144314
"746",2,14,43,"TOTALES",24,1.3051291,5.2142595,4.0926103,0.0839488,0.7401162
"747",3,14,43,"S2 (X)",11956.11,25.14,563.47,347.58,0.14,7.8
"748",1,14,45,"10",59.92,0.447807,0.7444627,0.5155618,0,0.246167
"749",1,14,45,"15",18.72,0.3127354,0.5888792,0.4540618,0,0.2148419
"750",1,14,45,"20",5.62,0.1579812,0.3074808,0.2436778,0,0.1252957
"751",1,14,45,"25",4.16,0.208631,0.3759168,0.30918,0,0.194238
"752",1,14,45,"30",1.66,0.1218009,0.2476465,0.2072777,0,0.1261576
"753",1,14,45,"35",0.83,0.0765258,0.1360951,0.1148696,0,0.0844916
"754",1,14,45,"40",0.55,0.0664921,0.1207079,0.1026158,0,0.0791664
"755",1,14,45,"45",0.1,0.0162017,0.0293079,0.0250427,0,0.0210049
"756",1,14,45,"50",0.1,0.021208,0.0390902,0.0335022,0,0.0296722
"757",2,14,45,"TOTALES",91.66,1.4293831,2.5895871,2.0057894,0,1.1210353
"758",3,14,45,"S2 (X)",25360.23,3.65,12.21,7.63,0,2.73
"759",1,14,58,"25",0.28,0.0138352,0.029105,0.0206072,0.0059225,0.0055379
"760",1,14,58,"30",0.28,0.0200018,0.04698,0.0362871,0.0067218,0.0082569
"761",1,14,58,"35",0.28,0.0241586,0.1159759,0.0961532,0.0096019,0.0101316
"762",1,14,58,"50",0.1,0.018947,0.0963226,0.0806462,0.0053224,0.0084805
"763",2,14,58,"TOTALES",0.94,0.0769426,0.2883835,0.2336937,0.0275686,0.0324069
"764",3,14,58,"S2 (X)",44.3,0.3,4.24,2.78,0.03,0.05
"765",1,14,99,"10",9.99,0.0599851,0.1047961,0.0393626,0.0586377,0.0171363
"766",1,14,99,"25",0.28,0.013671,0.0236882,0.0190277,0.0019844,0.0067473
"767",1,14,99,"50",0.1,0.0186398,0.0767597,0.0643237,0.0017475,0.0130591
"768",2,14,99,"TOTALES",10.37,0.0922959,0.205244,0.122714,0.0623696,0.0369427
"769",3,14,99,"S2 (X)",2488.79,0.11,0.58,0.26,0.08,0.01
"770",4,14,0,"10",72.41,0.5306625,0.9360506,0.6182581,0.0628933,0.2731429
"771",4,14,0,"15",19.97,0.3320247,0.6504657,0.5000266,0.0024417,0.223754
"772",4,14,0,"20",12.49,0.3805386,1.2739821,0.9925998,0.0221406,0.2392243
"773",4,14,0,"25",9.99,0.49825,1.6953728,1.3414672,0.0297621,0.3486402
"774",4,14,0,"30",5.27,0.3663504,1.1449992,0.9111338,0.0205751,0.2612945
"775",4,14,0,"35",4.44,0.4270392,1.3964695,1.115314,0.0240861,0.2885923
"776",4,14,0,"40",1.1,0.1344504,0.4950839,0.4031293,0.0012689,0.1207987
"777",4,14,0,"45",0.7,0.1121076,0.3064102,0.2447432,0.0029079,0.0787357
"778",4,14,0,"50",0.6,0.116675,0.3696558,0.3039916,0.0082807,0.0889441
"779",4,14,0,"55",0.1,0.0217828,0.0641038,0.051376,0.0002788,0.0144314
"780",5,14,0,"TOTALES",127.07,2.9198812,8.3325936,6.4820396,0.1746352,1.9375581
"781",6,14,0,"S2 (X)",35204.83,26.86,566.77,350.46,0.27,9.52
"782",1,15,21,"30",0.28,0.0218403,0.0964206,0.0817164,0.0038804,0.0077045
"783",2,15,21,"TOTALES",0.28,0.0218403,0.0964206,0.0817164,0.0038804,0.0077045
"784",3,15,21,"S2 (X)",4,0.02,0.46,0.33,0,0
"785",1,15,24,"15",0.64,0.0119351,0.0317886,0.0219457,0.0013194,0.003655
"786",1,15,24,"20",0.64,0.019602,0.0479773,0.0340439,0.0016473,0.0065171
"787",1,15,24,"25",0.57,0.0265347,0.0725839,0.0529979,0.0020508,0.0094613
"788",1,15,24,"40",0.28,0.0356442,0.090091,0.0693397,0.0019717,0.0149652
"789",1,15,24,"55",0.1,0.0254479,0.1231042,0.1000454,0.0025717,0.0119672
"790",2,15,24,"TOTALES",2.23,0.1191639,0.365545,0.2783726,0.0095609,0.0465658
"791",3,15,24,"S2 (X)",172.13,0.25,2.23,1.28,0,0.03
"792",1,15,26,"30",0.57,0.0353625,0.1156347,0.079086,0.0043599,0.009853
"793",1,15,26,"45",0.1,0.0172238,0.1002941,0.0744894,0.0029122,0.0054079
"794",2,15,26,"TOTALES",0.67,0.0525863,0.2159288,0.1535754,0.0072721,0.0152609
"795",3,15,26,"S2 (X)",22.29,0.13,2.33,1.17,0,0.01
"796",1,15,43,"15",0.64,0.0132845,0.0320242,0.0239257,0.0012557,0.0063934
"797",1,15,43,"20",0.64,0.019208,0.0428812,0.0324714,0.0014335,0.0097204
"798",2,15,43,"TOTALES",1.28,0.0324925,0.0749054,0.0563971,0.0026892,0.0161138
"799",3,15,43,"S2 (X)",81.05,0.05,0.28,0.15,0,0.01
"800",1,15,45,"10",117.14,0.841114,1.6858421,1.2013814,0,0.4589732
"801",1,15,45,"15",49.66,0.8062163,1.6561653,1.2868761,0,0.5490012
"802",1,15,45,"20",12.1,0.3634726,0.6865295,0.546002,0,0.293555
"803",1,15,45,"25",3.11,0.1508954,0.2649411,0.2171092,0,0.1393278
"804",1,15,45,"30",0.85,0.0574503,0.1171763,0.0975514,0,0.0583215
"805",1,15,45,"35",0.57,0.050109,0.0843304,0.0709708,0,0.0547407
"806",2,15,45,"TOTALES",183.43,2.2692576,4.4949847,3.4198909,0,1.5539194
"807",3,15,45,"S2 (X)",63147.78,10.7,43.97,26.29,0,5.6
"808",1,15,58,"15",3.18,0.0522968,0.1786511,0.0995767,0.0608168,0.0190934
"809",1,15,58,"20",2.55,0.0789867,0.2432165,0.1680355,0.0532619,0.0304262
"810",1,15,58,"25",0.85,0.0397778,0.0947665,0.0680691,0.0183802,0.0158458
"811",1,15,58,"40",0.28,0.0334539,0.1988872,0.1666966,0.0127496,0.0143931
"812",2,15,58,"TOTALES",6.86,0.2045152,0.7155213,0.5023779,0.1452085,0.0797585
"813",3,15,58,"S2 (X)",2353.89,2.09,25.59,12.61,1.05,0.31
"814",4,15,0,"10",117.14,0.841114,1.6858421,1.2013814,0,0.4589732
"815",4,15,0,"15",54.12,0.8837327,1.8986292,1.4323242,0.0633919,0.578143
"816",4,15,0,"20",15.93,0.4812693,1.0206045,0.7805528,0.0563427,0.3402187
"817",4,15,0,"25",4.53,0.2172079,0.4322915,0.3381762,0.020431,0.1646349
"818",4,15,0,"30",1.7,0.1146531,0.3292316,0.2583538,0.0082403,0.075879
"819",4,15,0,"35",0.57,0.050109,0.0843304,0.0709708,0,0.0547407
"820",4,15,0,"40",0.56,0.0690981,0.2889782,0.2360363,0.0147213,0.0293583
"821",4,15,0,"45",0.1,0.0172238,0.1002941,0.0744894,0.0029122,0.0054079
"822",4,15,0,"55",0.1,0.0254479,0.1231042,0.1000454,0.0025717,0.0119672
"823",5,15,0,"TOTALES",194.75,2.6998558,5.9633058,4.4923303,0.1686111,1.7193229
"824",6,15,0,"S2 (X)",65106.98,13.34,80.84,45.8,1.05,6.12
"825",1,16,21,"20",0.59,0.0170667,0.0478299,0.037926,0.0032051,0.0056034
"826",2,16,21,"TOTALES",0.59,0.0170667,0.0478299,0.037926,0.0032051,0.0056034
"827",3,16,21,"S2 (X)",18.76,0.01,0.12,0.07,0,0
"828",1,16,24,"15",0.59,0.0099362,0.0261616,0.0181627,0.001452,0.0029898
"829",2,16,24,"TOTALES",0.59,0.0099362,0.0261616,0.0181627,0.001452,0.0029898
"830",3,16,24,"S2 (X)",18.76,0,0.03,0.01,0,0
"831",1,16,25,"10",2.36,0.025785,0.0360565,0.009953,0.0078179,0.0058503
"832",1,16,25,"25",0.26,0.0129631,0.0473762,0.0340557,0.0017469,0.0040131
"833",2,16,25,"TOTALES",2.62,0.0387481,0.0834327,0.0440087,0.0095648,0.0098634
"834",3,16,25,"S2 (X)",302.65,0.04,0.18,0.06,0,0
"835",1,16,26,"10",2.36,0.0188906,0.0374024,0.0235634,0.0031737,0.0041116
"836",1,16,26,"15",0.59,0.007526,0.018009,0.011445,0.0014722,0.0017324
"837",1,16,26,"20",1.77,0.0585162,0.1764583,0.1147307,0.0099797,0.0151386
"838",1,16,26,"25",0.79,0.0387302,0.1399399,0.0928954,0.004985,0.0104935
"839",1,16,26,"30",0.52,0.032734,0.1312986,0.0908949,0.0044653,0.0091196
"840",1,16,26,"35",0.26,0.0237159,0.1048669,0.0743442,0.0030205,0.0069078
"841",2,16,26,"TOTALES",6.29,0.1801129,0.6079751,0.4078736,0.0270964,0.0475035
"842",3,16,26,"S2 (X)",2134.82,1.75,19.96,8.98,0.03,0.12
"843",1,16,43,"10",23.58,0.194216,0.5304681,0.3711214,0.0349601,0.0828299
"844",1,16,43,"15",8.25,0.1325463,0.4344201,0.3254035,0.016538,0.061663
"845",1,16,43,"20",5.31,0.1610864,0.5045538,0.3867316,0.0141471,0.0816929
"846",2,16,43,"TOTALES",37.14,0.4878487,1.469442,1.0832565,0.0656452,0.2261858
"847",3,16,43,"S2 (X)",26219.23,4.02,39.52,21.64,0.07,0.85
"848",1,16,45,"10",82.52,0.572693,1.0717747,0.7490629,0,0.3096352
"849",1,16,45,"15",28.29,0.4795049,0.9630831,0.7460805,0,0.3302117
"850",1,16,45,"20",7.07,0.2143796,0.4151769,0.3319321,0,0.1734391
"851",1,16,45,"25",1.05,0.0481694,0.084442,0.068997,0,0.0438515
"852",1,16,45,"30",0.52,0.0346687,0.060869,0.0507378,0,0.0348716
"853",2,16,45,"TOTALES",119.45,1.3494156,2.5953457,1.9468103,0,0.8920091
"854",3,16,45,"S2 (X)",50359.71,4.45,16.45,9.2,0,1.96
"855",1,16,99,"15",0.59,0.009401,0.0220907,0.0160551,0.0037354,0.0034483
"856",1,16,99,"20",0.59,0.0142593,0.0329143,0.0253978,0.0039207,0.0058362
"857",1,16,99,"45",0.19,0.0298659,0.1379984,0.1155543,0.0032049,0.0200666
"858",1,16,99,"50",0.09,0.0203003,0.0970676,0.0817844,0.0019622,0.0147657
"859",1,16,99,"55",0.09,0.0227758,0.107789,0.0910182,0.0020878,0.0170753
"860",1,16,99,"65",0.09,0.0315861,0.1537519,0.1309906,0.0025545,0.0258079
"861",1,16,99,"70",0.38,0.1762335,0.8630167,0.744664,0.0118043,0.1581266
"862",2,16,99,"TOTALES",2.02,0.3044219,1.4146286,1.2054644,0.0292698,0.2451266
"863",3,16,99,"S2 (X)",111.92,4.27,99.83,73.16,0.02,3
"864",4,16,0,"10",110.82,0.8115846,1.6757017,1.1537007,0.0459517,0.402427
"865",4,16,0,"15",38.31,0.6389144,1.4637645,1.1171468,0.0231976,0.4000452
"866",4,16,0,"20",15.33,0.4653082,1.1769332,0.8967182,0.0312526,0.2817102
"867",4,16,0,"25",2.1,0.0998627,0.2717581,0.1959481,0.0067319,0.0583581
"868",4,16,0,"30",1.04,0.0674027,0.1921676,0.1416327,0.0044653,0.0439912
"869",4,16,0,"35",0.26,0.0237159,0.1048669,0.0743442,0.0030205,0.0069078
"870",4,16,0,"45",0.19,0.0298659,0.1379984,0.1155543,0.0032049,0.0200666
"871",4,16,0,"50",0.09,0.0203003,0.0970676,0.0817844,0.0019622,0.0147657
"872",4,16,0,"55",0.09,0.0227758,0.107789,0.0910182,0.0020878,0.0170753
"873",4,16,0,"65",0.09,0.0315861,0.1537519,0.1309906,0.0025545,0.0258079
"874",4,16,0,"70",0.38,0.1762335,0.8630167,0.744664,0.0118043,0.1581266
"875",5,16,0,"TOTALES",168.7,2.3875501,6.2448156,4.7435022,0.1362333,1.4292816
"876",6,16,0,"S2 (X)",80780.75,14.16,169.12,108.04,0.14,5.44
"877",1,17,24,"15",0.6,0.0079105,0.0285311,0.0189361,0.0016456,0.0022849
"878",1,17,24,"30",0.27,0.0173282,0.0769961,0.0575853,0.0024101,0.0065187
"879",1,17,24,"35",0.27,0.0277005,0.1241921,0.0948298,0.0034981,0.0112625
"880",2,17,24,"TOTALES",1.14,0.0529392,0.2297193,0.1713512,0.0075538,0.0200661
"881",3,17,24,"S2 (X)",68.2,0.14,2.79,1.55,0,0.02
"882",1,17,25,"25",0.27,0.0155101,0.0800816,0.0589872,0.0024041,0.0049631
"883",1,17,25,"35",0.27,0.0264946,0.1951362,0.1476763,0.0045226,0.0094659
"884",1,17,25,"50",0.1,0.0177164,0.128159,0.0985991,0.0025628,0.0071901
"885",2,17,25,"TOTALES",0.64,0.0597211,0.4033768,0.3052626,0.0094895,0.0216191
"886",3,17,25,"S2 (X)",10.56,0.11,5.82,3.36,0,0.01
"887",1,17,26,"30",0.27,0.0184923,0.0741676,0.051633,0.0024098,0.0052159
"888",1,17,26,"45",0.1,0.0151476,0.111676,0.0838509,0.0034065,0.0047161
"889",2,17,26,"TOTALES",0.37,0.0336399,0.1858436,0.1354839,0.0058163,0.009932
"890",3,17,26,"S2 (X)",6.98,0.05,1.83,0.97,0,0
"891",1,17,45,"40",0.27,0.0308325,0.1227752,0.1039372,0,0.0363093
"892",2,17,45,"TOTALES",0.27,0.0308325,0.1227752,0.1039372,0,0.0363093
"893",3,17,45,"S2 (X)",3.77,0.05,0.79,0.57,0,0.06
"894",1,17,58,"10",74.47,0.6022512,3.1197001,1.5091932,1.3739554,0.2080236
"895",1,17,58,"15",244.44,4.4974641,32.3474398,24.0264687,5.5154665,1.6587893
"896",1,17,58,"20",195.19,6.131521,55.3311126,44.8968771,5.6712901,2.3636247
"897",1,17,58,"25",91.55,4.2859348,42.7927795,35.5901169,3.3380202,1.7075164
"898",1,17,58,"30",19.48,1.2807086,11.976239,10.0203055,0.8166092,0.5247323
"899",1,17,58,"35",1.33,0.1223953,0.867808,0.7250084,0.0571206,0.0515634
"900",1,17,58,"40",0.8,0.1056435,0.931791,0.7756152,0.0464028,0.0458705
"901",1,17,58,"45",0.19,0.0321924,0.1981396,0.1652772,0.0104623,0.0142604
"902",1,17,58,"60",0.1,0.0256522,0.2132636,0.1727066,0.0071806,0.0118142
"903",1,17,58,"70",0.1,0.0404399,0.1549448,0.1278565,0.0065437,0.0193472
"904",2,17,58,"TOTALES",627.65,17.124203,147.933218,118.0094253,16.8430514,6.605542
"905",3,17,58,"S2 (X)",164787.22,142.1,17880.11,12467.37,130.56,21.99
"906",1,17,99,"10",4.8,0.0393907,0.0700931,0.0359236,0.028552,0.0125674
"907",1,17,99,"15",1.2,0.0244652,0.0474675,0.0348331,0.0076539,0.0095733
"908",1,17,99,"25",0.27,0.0127383,0.0528945,0.0433518,0.0024099,0.006234
"909",2,17,99,"TOTALES",6.27,0.0765942,0.1704551,0.1141085,0.0386158,0.0283747
"910",3,17,99,"S2 (X)",1288.71,0.11,0.5,0.22,0.04,0.01
"911",4,17,0,"10",79.27,0.6416419,3.1897932,1.5451168,1.4025074,0.220591
"912",4,17,0,"15",246.24,4.5298398,32.4234384,24.0802379,5.524766,1.6706475
"913",4,17,0,"20",195.19,6.131521,55.3311126,44.8968771,5.6712901,2.3636247
"914",4,17,0,"25",92.09,4.3141832,42.9257556,35.6924559,3.3428342,1.7187135
"915",4,17,0,"30",20.02,1.3165291,12.1274027,10.1295238,0.8214291,0.5364669
"916",4,17,0,"35",1.87,0.1765904,1.1871363,0.9675145,0.0651413,0.0722918
"917",4,17,0,"40",1.07,0.136476,1.0545662,0.8795524,0.0464028,0.0821798
"918",4,17,0,"45",0.29,0.04734,0.3098156,0.2491281,0.0138688,0.0189765
"919",4,17,0,"50",0.1,0.0177164,0.128159,0.0985991,0.0025628,0.0071901
"920",4,17,0,"60",0.1,0.0256522,0.2132636,0.1727066,0.0071806,0.0118142
"921",4,17,0,"70",0.1,0.0404399,0.1549448,0.1278565,0.0065437,0.0193472
"922",5,17,0,"TOTALES",636.34,17.3779299,149.045388,118.8395687,16.9045268,6.7218432
"923",6,17,0,"S2 (X)",157258.2,136.57,17639.62,12316.57,129.06,20.99
"924",1,18,21,"15",0.57,0.0114706,0.0318446,0.0253434,0.0025812,0.0036792
"925",1,18,21,"20",0.38,0.0100758,0.0277169,0.0220442,0.002168,0.0032892
"926",1,18,21,"25",0.17,0.0076517,0.033098,0.0275127,0.0016301,0.0025984
"927",2,18,21,"TOTALES",1.12,0.0291981,0.0926595,0.0749003,0.0063793,0.0095668
"928",3,18,21,"S2 (X)",90.26,0.05,0.52,0.34,0,0
"929",1,18,24,"10",8.29,0.0681473,0.159335,0.1093278,0.0120855,0.0184487
"930",1,18,24,"15",6.97,0.1288259,0.3332554,0.2300773,0.0167576,0.0395007
"931",1,18,24,"20",5.84,0.1774882,0.44996,0.3171921,0.0173219,0.0590177
"932",1,18,24,"25",2.59,0.1259282,0.3798966,0.2769764,0.0125467,0.0452055
"933",1,18,24,"30",1.09,0.0729585,0.2624008,0.1953978,0.0081058,0.0276082
"934",1,18,24,"35",0.84,0.0810142,0.2884539,0.2185132,0.008074,0.0325841
"935",1,18,24,"40",0.08,0.010864,0.0398643,0.0304729,0.0011169,0.0045838
"936",1,18,24,"45",0.15,0.0242482,0.1125646,0.0883094,0.002796,0.0106047
"937",1,18,24,"50",0.06,0.0117519,0.0369272,0.0292416,0.0008311,0.0053042
"938",1,18,24,"55",0.12,0.0284489,0.105153,0.0853528,0.0021255,0.0132537
"939",1,18,24,"60",0.03,0.0081973,0.0460543,0.0383281,0.0008435,0.0039096
"940",1,18,24,"70",0.06,0.0359867,0.1897702,0.180706,0.0009123,0.0196258
"941",2,18,24,"TOTALES",26.12,0.7738593,2.4036353,1.7998954,0.0835168,0.2796467
"942",3,18,24,"S2 (X)",6763.25,3.97,41.67,24,0.05,0.51
"943",1,18,25,"15",1.13,0.0202424,0.0408115,0.0242878,0.0043707,0.0050928
"944",1,18,25,"20",1.51,0.0483013,0.144124,0.0999626,0.0087029,0.0136892
"945",1,18,25,"25",0.84,0.0428665,0.1281607,0.0914971,0.0052545,0.0133796
"946",1,18,25,"30",0.67,0.0439388,0.1832087,0.1345077,0.0056784,0.0144269
"947",1,18,25,"35",0.59,0.0543762,0.227652,0.1693042,0.0062585,0.019177
"948",1,18,25,"40",0.42,0.0518842,0.2230476,0.1675914,0.0055715,0.0194185
"949",1,18,25,"45",0.06,0.0089285,0.0467242,0.0354148,0.0010674,0.0034643
"950",1,18,25,"50",0.12,0.0240735,0.0985174,0.0748172,0.0022149,0.0099347
"951",1,18,25,"55",0.03,0.0070045,0.0418928,0.0322711,0.0008287,0.0029816
"952",1,18,25,"60",0.03,0.0080724,0.036543,0.0280353,0.0007487,0.003538
"953",1,18,25,"70",0.03,0.0113998,0.0392739,0.0301944,0.00079,0.0053642
"954",2,18,25,"TOTALES",5.43,0.3210881,1.2099558,0.8878836,0.0414862,0.1104668
"955",3,18,25,"S2 (X)",626.63,2.42,42.03,23.3,0.03,0.3
"956",1,18,26,"10",6.78,0.0465284,0.101436,0.059608,0.0109422,0.009987
"957",1,18,26,"15",1.7,0.0267448,0.0621768,0.0367524,0.00635,0.0063362
"958",1,18,26,"20",1.32,0.0410143,0.1005458,0.0624861,0.0071189,0.0105202
"959",1,18,26,"25",0.5,0.0244028,0.0730104,0.0483648,0.0032539,0.0066038
"960",1,18,26,"30",0.5,0.0366487,0.123379,0.0853828,0.004256,0.0104074
"961",1,18,26,"35",0.08,0.0081925,0.0328482,0.0232653,0.0009507,0.0024087
"962",1,18,26,"40",0.25,0.0312969,0.1352986,0.0973034,0.0037242,0.0094773
"963",1,18,26,"45",0.12,0.0187454,0.0895433,0.0654586,0.0024786,0.0058283
"964",1,18,26,"50",0.09,0.0167505,0.0886762,0.0658516,0.0025744,0.0053175
"965",1,18,26,"60",0.03,0.0090983,0.0457189,0.035035,0.0015523,0.0030627
"966",1,18,26,"65",0.03,0.0093793,0.0545868,0.0425071,0.0020249,0.0031688
"967",2,18,26,"TOTALES",11.4,0.2688019,0.90722,0.6220151,0.0452261,0.0731179
"968",3,18,26,"S2 (X)",6651.8,1.61,18.61,8.96,0.05,0.11
"969",1,18,43,"45",0.03,0.0052842,0.0169598,0.0135411,0.0001127,0.0033983
"970",1,18,43,"50",0.03,0.0057527,0.0196111,0.0157238,8.03e-05,0.0037426
"971",2,18,43,"TOTALES",0.06,0.0110369,0.0365709,0.0292649,0.000193,0.0071409
"972",3,18,43,"S2 (X)",0.61,0.02,0.22,0.14,0,0
"973",1,18,45,"10",24.86,0.1633603,0.3073262,0.2126005,0,0.086582
"974",1,18,45,"15",5.65,0.0984632,0.2093532,0.1633351,0,0.0684583
"975",1,18,45,"20",3.01,0.0902815,0.1605838,0.1270517,0,0.0727695
"976",1,18,45,"25",0.75,0.0395217,0.0734526,0.060591,0,0.0372713
"977",1,18,45,"30",0.33,0.0229566,0.0396789,0.0331032,0,0.0233333
"978",1,18,45,"35",0.25,0.0240933,0.0428541,0.0362152,0,0.0269214
"979",1,18,45,"50",0.03,0.0056135,0.009703,0.0083005,0,0.0075678
"980",1,18,45,"55",0.03,0.007663,0.0130339,0.0111782,0,0.011282
"981",1,18,45,"60",0.03,0.0082671,0.0141968,0.0121807,0,0.0124354
"982",2,18,45,"TOTALES",34.94,0.4602202,0.8701825,0.6645561,0,0.346621
"983",3,18,45,"S2 (X)",15141.83,2.24,8.33,4.95,0,1.36
"984",1,18,58,"25",0.08,0.0046344,0.0058562,0.0036423,0.0016536,0.0018713
"985",2,18,58,"TOTALES",0.08,0.0046344,0.0058562,0.0036423,0.0016536,0.0018713
"986",3,18,58,"S2 (X)",1.18,0,0,0,0,0
"987",1,18,99,"10",3.01,0.0243092,0.0372981,0.0167772,0.0177935,0.0075536
"988",1,18,99,"15",2.07,0.032534,0.0552329,0.0370825,0.0127438,0.011958
"989",1,18,99,"20",0.38,0.0092956,0.0172318,0.0129487,0.0024405,0.0038246
"990",2,18,99,"TOTALES",5.46,0.0661388,0.1097628,0.0668084,0.0329778,0.0233362
"991",3,18,99,"S2 (X)",2557.26,0.42,1.16,0.46,0.09,0.05
"992",4,18,0,"10",42.94,0.3023452,0.6053953,0.3983135,0.0408212,0.1225713
"993",4,18,0,"15",18.09,0.3182809,0.7326744,0.5168785,0.0428033,0.1350252
"994",4,18,0,"20",12.44,0.3764567,0.9001623,0.6416854,0.0377522,0.1631104
"995",4,18,0,"25",4.93,0.2450053,0.6934745,0.5085843,0.0243388,0.1069299
"996",4,18,0,"30",2.59,0.1765026,0.6086674,0.4483915,0.0180402,0.0757758
"997",4,18,0,"35",1.76,0.1676762,0.5918082,0.4472979,0.0152832,0.0810912
"998",4,18,0,"40",0.75,0.0940451,0.3982105,0.2953677,0.0104126,0.0334796
"999",4,18,0,"45",0.36,0.0572063,0.2657919,0.2027239,0.0064547,0.0232956
"1000",4,18,0,"50",0.33,0.0639421,0.2534349,0.1939347,0.0057007,0.0318668
"1001",4,18,0,"55",0.18,0.0431164,0.1600797,0.1288021,0.0029542,0.0275173
"1002",4,18,0,"60",0.12,0.0336351,0.142513,0.1135791,0.0031445,0.0229457
"1003",4,18,0,"65",0.03,0.0093793,0.0545868,0.0425071,0.0020249,0.0031688
"1004",4,18,0,"70",0.09,0.0473865,0.2290441,0.2109004,0.0017023,0.02499
"1005",5,18,0,"TOTALES",84.61,1.9349777,5.635843,4.1489661,0.2114328,0.8517676
"1006",6,18,0,"S2 (X)",28420.77,9.25,103.45,58.21,0.22,2.07
"1007",1,19,21,"10",4.66,0.0422113,0.1005364,0.0789219,0.0097864,0.0127319
"1008",1,19,21,"15",3.88,0.0730877,0.2210274,0.1738753,0.0172721,0.0232906
"1009",1,19,21,"20",4.27,0.1248874,0.4088945,0.3295958,0.027036,0.04106
"1010",1,19,21,"25",0.69,0.0337755,0.1096686,0.0903349,0.0058178,0.0115314
"1011",2,19,21,"TOTALES",13.5,0.2739619,0.8401269,0.6727279,0.0599123,0.0886139
"1012",3,19,21,"S2 (X)",8281.42,2.98,29.46,18.9,0.14,0.3
"1013",1,19,24,"10",17.08,0.1187236,0.2841052,0.1852263,0.0237523,0.031123
"1014",1,19,24,"15",6.99,0.1164416,0.2967765,0.2021474,0.0145967,0.0351112
"1015",1,19,24,"20",6.99,0.21056,0.5550638,0.3926921,0.0207138,0.0698617
"1016",1,19,24,"25",2.93,0.1409862,0.4316261,0.315223,0.014266,0.0505393
"1017",1,19,24,"30",0.86,0.0604022,0.2216431,0.1650256,0.0071151,0.0230206
"1018",1,19,24,"35",0.52,0.0484449,0.1418223,0.1071011,0.0037139,0.0193726
"1019",1,19,24,"40",0.69,0.0873438,0.3082219,0.2363926,0.0082101,0.0367129
"1020",1,19,24,"45",0.19,0.03048,0.1302009,0.101586,0.0033143,0.0133638
"1021",1,19,24,"50",0.06,0.0126382,0.0754554,0.0613511,0.0015724,0.0057447
"1022",1,19,24,"55",0.06,0.0144891,0.0405205,0.0334003,0.0007074,0.0067368
"1023",2,19,24,"TOTALES",36.37,0.8405096,2.4854357,1.8001455,0.097962,0.2915866
"1024",3,19,24,"S2 (X)",15403.39,7.04,65.12,34.86,0.09,0.86
"1025",1,19,25,"10",3.11,0.0257466,0.0515943,0.0366519,0.0046715,0.0055701
"1026",1,19,25,"15",0.78,0.0169577,0.0577603,0.0380761,0.003514,0.0044368
"1027",1,19,25,"20",2.72,0.0789968,0.300394,0.207886,0.0142903,0.0219404
"1028",1,19,25,"25",0.69,0.0291804,0.136301,0.0984863,0.0048284,0.0087472
"1029",1,19,25,"30",0.52,0.0363489,0.1726826,0.1277383,0.004991,0.0121018
"1030",2,19,25,"TOTALES",7.82,0.1872304,0.7187322,0.5088386,0.0322952,0.0527963
"1031",3,19,25,"S2 (X)",1658.16,1.1,18.45,9.28,0.03,0.09
"1032",1,19,26,"10",9.32,0.0842053,0.198438,0.1181382,0.0228332,0.0186718
"1033",1,19,26,"15",12.81,0.2351678,0.7942345,0.4865286,0.0645474,0.0566997
"1034",1,19,26,"20",8.15,0.2462784,0.8902121,0.5785956,0.0497749,0.0629571
"1035",1,19,26,"25",9.66,0.4778878,1.9118332,1.3057132,0.0736413,0.1295579
"1036",1,19,26,"30",5.18,0.3561138,1.4993706,1.0467257,0.0480899,0.1004203
"1037",1,19,26,"35",3.62,0.3391926,1.5128469,1.0752772,0.0433476,0.0992301
"1038",1,19,26,"40",2.07,0.2599586,1.1257573,0.8109767,0.03128,0.0787823
"1039",1,19,26,"45",0.62,0.1007288,0.5394505,0.3983638,0.0154564,0.0314802
"1040",1,19,26,"50",0.12,0.0246,0.126633,0.0943643,0.0037444,0.0078731
"1041",1,19,26,"55",0.12,0.0299057,0.1974312,0.1519277,0.0068609,0.010172
"1042",1,19,26,"60",0.06,0.0167798,0.1172332,0.091662,0.0044472,0.0055736
"1043",1,19,26,"65",0.06,0.0203255,0.1142787,0.0891258,0.0042751,0.0069086
"1044",2,19,26,"TOTALES",51.79,2.1911441,9.0277192,6.2473988,0.3682983,0.6083267
"1045",3,19,26,"S2 (X)",17627.44,24.47,399.33,189.26,0.71,1.85
"1046",1,19,45,"10",26.4,0.189703,0.3834822,0.2737303,0,0.1036237
"1047",1,19,45,"15",9.7,0.1571876,0.341398,0.2671067,0,0.1066078
"1048",1,19,45,"20",4.66,0.1430513,0.2876751,0.2311116,0,0.1162835
"1049",1,19,45,"25",1.38,0.0682287,0.1311796,0.1081383,0,0.0633517
"1050",1,19,45,"30",0.34,0.0258364,0.0483478,0.0406023,0,0.0269153
"1051",1,19,45,"35",0.17,0.018852,0.0339545,0.028801,0,0.0218546
"1052",1,19,45,"40",0.17,0.0210879,0.0391556,0.0333156,0,0.0252345
"1053",2,19,45,"TOTALES",42.82,0.6239469,1.2651928,0.9828058,0,0.4638711
"1054",3,19,45,"S2 (X)",29680.86,5.34,22.75,13.81,0,2.9
"1055",1,19,99,"45",0.06,0.0090826,0.0327373,0.0272685,0.0008769,0.0059676
"1056",2,19,99,"TOTALES",0.06,0.0090826,0.0327373,0.0272685,0.0008769,0.0059676
"1057",3,19,99,"S2 (X)",0.31,0,0.08,0.06,0,0
"1058",4,19,0,"10",60.57,0.4605898,1.0181561,0.6926686,0.0610434,0.1717205
"1059",4,19,0,"15",34.16,0.5988424,1.7111967,1.1677341,0.0999302,0.2261461
"1060",4,19,0,"20",26.79,0.8037739,2.4422395,1.7398811,0.111815,0.3121027
"1061",4,19,0,"25",15.35,0.7500586,2.7206085,1.9178957,0.0985535,0.2637275
"1062",4,19,0,"30",6.9,0.4787013,1.9420441,1.3800919,0.060196,0.162458
"1063",4,19,0,"35",4.31,0.4064895,1.6886237,1.2111793,0.0470615,0.1404573
"1064",4,19,0,"40",2.93,0.3683903,1.4731348,1.0806849,0.0394901,0.1407297
"1065",4,19,0,"45",0.87,0.1402914,0.7023887,0.5272183,0.0196476,0.0508116
"1066",4,19,0,"50",0.18,0.0372382,0.2020884,0.1557154,0.0053168,0.0136178
"1067",4,19,0,"55",0.18,0.0443948,0.2379517,0.185328,0.0075683,0.0169088
"1068",4,19,0,"60",0.06,0.0167798,0.1172332,0.091662,0.0044472,0.0055736
"1069",4,19,0,"65",0.06,0.0203255,0.1142787,0.0891258,0.0042751,0.0069086
"1070",5,19,0,"TOTALES",152.36,4.1258755,14.3699441,10.2391851,0.5593447,1.5111622
"1071",6,19,0,"S2 (X)",67417.29,33.63,468.39,230.16,0.89,4.95
